<?xml version="1.0" encoding="utf-8"?>
<COLLADA xmlns="http://www.collada.org/2005/11/COLLADASchema" version="1.4.1" xmlns:xsi="http://www.w3.org/2001/XMLSchema-instance">
  <asset>
    <contributor>
      <author>Blender User</author>
      <authoring_tool>Blender 4.4.3 commit date:2025-04-29, commit time:14:09, hash:802179c51ccc</authoring_tool>
    </contributor>
    <created>2025-05-14T11:03:32</created>
    <modified>2025-05-14T11:03:32</modified>
    <unit name="meter" meter="1"/>
    <up_axis>Z_UP</up_axis>
  </asset>
  <library_cameras>
    <camera id="Camera-camera" name="Camera">
      <optics>
        <technique_common>
          <perspective>
            <xfov sid="xfov">39.59775</xfov>
            <aspect_ratio>1.777778</aspect_ratio>
            <znear sid="znear">0.1</znear>
            <zfar sid="zfar">100</zfar>
          </perspective>
        </technique_common>
      </optics>
      <extra>
        <technique profile="blender">
          <shiftx sid="shiftx" type="float">0</shiftx>
          <shifty sid="shifty" type="float">0</shifty>
          <dof_distance sid="dof_distance" type="float">10</dof_distance>
        </technique>
      </extra>
    </camera>
  </library_cameras>
  <library_lights>
    <light id="Light-light" name="Light">
      <technique_common>
        <point>
          <color sid="color">1000 1000 1000</color>
          <constant_attenuation>1</constant_attenuation>
          <linear_attenuation>0</linear_attenuation>
          <quadratic_attenuation>0</quadratic_attenuation>
        </point>
      </technique_common>
      <extra>
        <technique profile="blender">
          <type sid="type" type="int">0</type>
          <flag sid="flag" type="int">0</flag>
          <mode sid="mode" type="int">2097153</mode>
          <red sid="red" type="float">1</red>
          <green sid="green" type="float">1</green>
          <blue sid="blue" type="float">1</blue>
          <energy sid="blender_energy" type="float">1000</energy>
          <spotsize sid="spotsize" type="float">75</spotsize>
          <spotblend sid="spotblend" type="float">0.15</spotblend>
          <clipsta sid="clipsta" type="float">0.04999995</clipsta>
          <clipend sid="clipend" type="float">40</clipend>
          <radius sid="radius" type="float">0.1</radius>
          <area_shape sid="area_shape" type="int">1</area_shape>
          <area_size sid="area_size" type="float">0.1</area_size>
          <area_sizey sid="area_sizey" type="float">0.1</area_sizey>
          <area_sizez sid="area_sizez" type="float">1</area_sizez>
        </technique>
      </extra>
    </light>
  </library_lights>
  <library_effects>
    <effect id="wood-effect">
      <profile_COMMON>
        <technique sid="common">
          <lambert>
            <emission>
              <color sid="emission">0 0 0 1</color>
            </emission>
            <diffuse>
              <color sid="diffuse">0.8 0.8 0.8 1</color>
            </diffuse>
            <index_of_refraction>
              <float sid="ior">1.5</float>
            </index_of_refraction>
          </lambert>
        </technique>
      </profile_COMMON>
    </effect>
    <effect id="lower_body-effect">
      <profile_COMMON>
        <technique sid="common">
          <lambert>
            <emission>
              <color sid="emission">0 0 0 1</color>
            </emission>
            <diffuse>
              <color sid="diffuse">0.8 0.8 0.8 1</color>
            </diffuse>
            <index_of_refraction>
              <float sid="ior">1.5</float>
            </index_of_refraction>
          </lambert>
        </technique>
      </profile_COMMON>
    </effect>
    <effect id="forearm-effect">
      <profile_COMMON>
        <technique sid="common">
          <lambert>
            <emission>
              <color sid="emission">0 0 0 1</color>
            </emission>
            <diffuse>
              <color sid="diffuse">0.8 0.8 0.8 1</color>
            </diffuse>
            <index_of_refraction>
              <float sid="ior">1.5</float>
            </index_of_refraction>
          </lambert>
        </technique>
      </profile_COMMON>
    </effect>
    <effect id="barrel-effect">
      <profile_COMMON>
        <technique sid="common">
          <lambert>
            <emission>
              <color sid="emission">0 0 0 1</color>
            </emission>
            <diffuse>
              <color sid="diffuse">0.8 0.8 0.8 1</color>
            </diffuse>
            <index_of_refraction>
              <float sid="ior">1.5</float>
            </index_of_refraction>
          </lambert>
        </technique>
      </profile_COMMON>
    </effect>
    <effect id="upper_body-effect">
      <profile_COMMON>
        <technique sid="common">
          <lambert>
            <emission>
              <color sid="emission">0 0 0 1</color>
            </emission>
            <diffuse>
              <color sid="diffuse">0.8 0.8 0.8 1</color>
            </diffuse>
            <index_of_refraction>
              <float sid="ior">1.5</float>
            </index_of_refraction>
          </lambert>
        </technique>
      </profile_COMMON>
    </effect>
    <effect id="reticle-effect">
      <profile_COMMON>
        <technique sid="common">
          <lambert>
            <emission>
              <color sid="emission">0 0 0 1</color>
            </emission>
            <diffuse>
              <color sid="diffuse">0.8 0.8 0.8 1</color>
            </diffuse>
            <index_of_refraction>
              <float sid="ior">1.5</float>
            </index_of_refraction>
          </lambert>
        </technique>
      </profile_COMMON>
    </effect>
    <effect id="handle-effect">
      <profile_COMMON>
        <technique sid="common">
          <lambert>
            <emission>
              <color sid="emission">0 0 0 1</color>
            </emission>
            <diffuse>
              <color sid="diffuse">0.8 0.8 0.8 1</color>
            </diffuse>
            <index_of_refraction>
              <float sid="ior">1.5</float>
            </index_of_refraction>
          </lambert>
        </technique>
      </profile_COMMON>
    </effect>
    <effect id="magazine-effect">
      <profile_COMMON>
        <technique sid="common">
          <lambert>
            <emission>
              <color sid="emission">0 0 0 1</color>
            </emission>
            <diffuse>
              <color sid="diffuse">0.8 0.8 0.8 1</color>
            </diffuse>
            <index_of_refraction>
              <float sid="ior">1.5</float>
            </index_of_refraction>
          </lambert>
        </technique>
      </profile_COMMON>
    </effect>
  </library_effects>
  <library_images/>
  <library_materials>
    <material id="wood-material" name="wood">
      <instance_effect url="#wood-effect"/>
    </material>
    <material id="lower_body-material" name="lower_body">
      <instance_effect url="#lower_body-effect"/>
    </material>
    <material id="forearm-material" name="forearm">
      <instance_effect url="#forearm-effect"/>
    </material>
    <material id="barrel-material" name="barrel">
      <instance_effect url="#barrel-effect"/>
    </material>
    <material id="upper_body-material" name="upper_body">
      <instance_effect url="#upper_body-effect"/>
    </material>
    <material id="reticle-material" name="reticle">
      <instance_effect url="#reticle-effect"/>
    </material>
    <material id="handle-material" name="handle">
      <instance_effect url="#handle-effect"/>
    </material>
    <material id="magazine-material" name="magazine">
      <instance_effect url="#magazine-effect"/>
    </material>
  </library_materials>
  <library_geometries>
    <geometry id="v_ak47_body2_model0-mesh" name="v_ak47_body2_model0">
      <mesh>
        <source id="v_ak47_body2_model0-mesh-positions">
          <float_array id="v_ak47_body2_model0-mesh-positions-array" count="2856">2.452615 21.53588 14.25363 2.452614 20.38588 14.37363 3.242615 21.53587 14.25363 3.242614 20.38588 14.37363 3.242615 21.21588 11.77363 2.452615 21.21588 11.77363 2.452614 20.90588 6.663635 2.452614 18.03588 7.123632 3.242614 18.03588 7.123632 3.242614 20.90588 6.663635 3.242615 21.48588 11.27363 2.452615 21.48588 11.27363 2.566054 22.19574 21.85885 1.39746 22.19574 22.23884 2.566054 22.19574 22.17885 3.202614 19.35587 16.44363 3.202614 19.19587 19.30363 3.202614 19.20588 16.41363 3.202614 19.35587 18.57363 3.202615 20.48587 19.31363 3.202615 20.48587 18.56363 3.252615 21.52587 22.26363 3.252614 20.38588 14.37363 3.252615 21.52588 14.25363 3.252615 20.38587 23.11363 3.252615 22.10587 23.11363 3.252615 22.10587 22.26363 2.566054 21.62574 21.85884 2.566054 21.62574 22.17885 1.39746 21.62574 22.23884 2.442615 21.52587 22.26363 2.442615 22.10587 23.11363 2.442615 22.10587 22.26363 2.442615 20.38587 23.11363 2.442614 20.38588 14.37363 2.442615 21.52588 14.25363 3.132615 21.46574 22.34894 3.132616 21.46574 19.86894 3.132615 22.35574 22.35894 3.132616 22.35575 19.86894 2.572615 21.46574 22.34894 2.572615 22.35574 22.35894 2.572616 21.46574 19.86894 2.572616 22.35575 19.86894 2.492615 20.48587 19.31363 2.492614 19.19587 19.30363 2.492614 19.20588 16.41363 2.492614 19.35587 16.44363 2.492614 19.35587 18.57363 2.492615 20.48587 18.56363 3.352615 22.03587 27.79363 2.352615 22.03587 27.79363 3.352615 22.03587 28.37362 2.352615 22.03587 28.37362 3.102615 20.47587 24.74363 3.352615 20.86587 28.35363 3.102615 20.58587 28.34362 3.352615 21.85587 26.97363 3.352615 22.03587 26.41363 3.352615 22.03587 26.85363 3.352615 21.85587 26.27363 3.352615 20.69587 24.64363 3.352615 21.85587 25.52363 3.352615 22.03587 23.09363 3.352615 20.23587 23.57363 3.352615 20.53587 23.09363 3.102616 20.30587 23.06362 3.102614 20.01587 23.60363 3.352615 21.85587 27.72363 3.352615 22.03587 25.40363 2.352615 22.03587 23.09363 2.352615 20.53587 23.09363 2.572615 20.30587 23.06363 2.352615 21.85587 27.72363 2.352615 21.85587 26.97363 2.352615 22.03587 26.85363 2.352615 22.03587 25.40363 2.352615 21.85587 25.52363 2.352615 21.85587 26.27363 2.352615 22.03587 26.41363 2.572615 20.58587 28.34362 2.352615 20.86587 28.35363 2.572615 20.47587 24.74363 2.572614 20.01587 23.60363 2.352615 20.23587 23.57363 2.352615 20.69587 24.64363 2.972615 21.67587 34.37362 2.972615 21.67587 34.64362 2.972615 21.67587 35.45362 3.262615 22.56587 24.36363 3.262615 22.00587 24.36363 2.432615 22.00587 24.36363 2.432615 22.56587 24.36363 3.002615 22.73587 24.36363 2.692615 22.73587 24.36363 3.212615 21.42587 32.36362 2.672615 21.09587 32.37362 3.032614 21.09587 32.37362 2.482615 21.41587 32.37362 2.652615 21.71587 32.33362 3.022614 21.70587 32.35362 2.732615 22.16587 35.35362 2.732615 23.05587 35.09362 2.732615 22.16587 34.91362 2.732615 23.05587 35.47362 2.732615 21.67587 35.45362 2.732615 21.68587 35.35362 2.732615 21.68587 34.64362 2.722615 21.68587 34.37362 2.972614 23.05587 35.47362 3.192615 21.36587 35.45362 2.522614 21.36587 35.45362 2.832615 21.06587 35.45362 2.652615 22.04587 31.27363 2.532614 22.37587 31.01362 2.642615 22.03587 30.63363 3.102615 22.38587 31.01362 3.002614 22.05587 31.27363 3.002614 22.03587 30.63363 3.102615 22.38587 28.24362 2.992615 22.03587 28.24363 2.642615 22.03587 28.24363 2.532614 22.37587 28.24362 2.812615 22.59587 30.96362 2.812615 22.59587 28.24362 2.972615 22.16587 34.91362 2.972615 23.05587 35.09362 2.972615 22.16587 35.35362 2.972615 21.67587 35.35362 3.192615 21.36587 34.34362 2.522614 21.36587 34.34362 2.832615 21.06587 34.34362 3.032614 21.09587 30.95362 2.672615 21.09587 30.95362 2.482615 21.41587 30.95362 2.652615 21.70587 30.96362 3.032614 21.71587 30.95362 3.212615 21.41587 30.95362 2.842615 21.64587 28.27363 3.092615 21.39587 28.27363 2.602615 21.39587 28.27363 2.842615 21.14587 28.27363 2.842615 21.14587 35.77362 2.602614 21.39587 35.77362 2.842615 21.64587 35.77362 3.092615 21.39587 35.77362 2.432615 22.00587 28.26363 3.262614 22.00587 28.26363 2.432615 22.56587 28.26362 2.692615 22.73587 28.26362 3.002614 22.73587 28.26362 3.262614 22.56587 28.26362 2.552615 22.52588 15.22363 2.552615 22.52587 22.24363 2.712615 22.72587 22.24363 2.672615 19.95084 16.83545 2.672616 20.63771 17.38719 2.672616 20.7351 16.94785 2.672615 19.96484 16.6337 2.672615 19.52243 16.87364 3.072615 19.40617 18.69935 3.072615 19.43132 19.15866 3.072615 18.62803 18.5717 3.052615 22.72587 15.22363 3.052615 22.72587 22.24363 3.222615 22.52587 22.24363 3.222615 22.52588 15.22363 3.052615 22.53587 14.84363 3.222615 22.21587 14.84363 2.552615 22.37587 20.03363 2.552615 22.37587 22.24363 2.552615 22.20587 19.87363 2.552615 22.21587 14.84363 2.392615 21.50588 19.86363 2.392615 22.03587 19.86363 3.222615 22.20587 19.87363 3.222615 22.04587 19.86363 3.222615 21.50588 19.86363 2.712615 22.72587 15.22363 2.712615 22.53587 14.84363 3.222615 21.99588 14.34363 3.222615 21.50588 14.34363 3.222615 22.37587 20.03363 3.222615 22.37587 22.24363 2.622615 19.40617 18.69935 2.622615 18.62803 18.5717 2.622615 19.43132 19.15866 2.552615 21.50588 14.34363 2.392615 21.50588 14.84363 3.032615 20.63771 17.38719 3.032614 19.95084 16.83545 3.032615 20.7351 16.94785 3.032614 19.96484 16.6337 3.032614 19.52243 16.87364 2.392615 22.03587 14.84363 2.552615 21.99588 14.34363 2.422615 22.66587 22.28363 2.422615 22.03587 22.27363 2.422615 22.03587 24.37363 2.422615 22.90587 23.50363 2.422615 22.66587 23.05363 2.422615 22.90587 24.37363 3.152615 22.59587 22.26363 3.152615 23.05587 22.26363 3.152615 22.59587 22.67363 3.152615 23.05587 22.67363 3.042615 23.12587 22.26363 3.042615 23.12587 22.67363 2.982615 22.86587 22.26363 2.982615 22.86587 22.67363 2.712615 22.86587 22.26363 2.712615 22.86587 22.67363 2.632615 23.13587 22.26363 2.632615 23.13587 22.67363 2.542615 23.08587 22.26363 2.542615 23.08587 22.67363 2.542615 22.59587 22.26363 2.542615 22.59587 22.67363 3.272615 22.03587 22.27363 3.272615 22.66587 22.28363 3.272615 22.90587 24.37363 3.272615 22.03587 24.37363 3.272615 22.66587 23.05363 3.272615 22.90587 23.50363 2.512614 16.87588 15.40363 2.512614 17.27588 13.78363 3.182614 16.87588 15.40363 3.182614 17.27588 13.78363 2.512614 20.39587 14.46363 2.512614 20.39587 16.50363 3.182614 20.39587 14.46363 3.182614 20.39587 16.50363 2.512614 18.20588 15.62363 3.182614 18.20588 15.62363 3.182614 19.23587 16.51363 3.182614 19.45588 14.85363 2.512614 19.45588 14.85363 2.512614 19.23587 16.51363 2.503144 16.4777 24.75287 2.503143 14.6777 23.64287 3.133144 16.4777 24.75287 3.133143 14.6777 23.64287 2.503145 21.1277 20.12287 2.503145 21.1277 22.27287 3.133146 21.1277 20.12287 3.133145 21.1277 22.27287 2.503144 17.2277 23.85287 2.503143 15.9277 22.23287 2.503144 18.2777 22.98287 2.503145 17.3277 21.19287 2.503144 19.6877 22.38287 2.503145 19.3277 20.37287 3.133144 17.2277 23.85287 3.133144 18.2777 22.98287 3.133144 19.6877 22.38287 3.133143 15.9277 22.23287 3.133145 17.3277 21.19287 3.133145 19.3277 20.37287 2.847615 21.53588 14.25363 2.452615 20.96088 14.31363 2.847615 20.96088 14.31363 3.242615 20.96088 14.31363 2.847614 20.38588 14.37363 3.242615 20.80088 13.07363 3.242615 21.37588 13.01363 2.452615 20.80088 13.07363 2.452615 21.37588 13.01363 2.452615 21.06088 9.218634 2.452614 20.64588 10.51863 2.452614 19.47088 6.893633 2.452614 19.21088 10.74863 2.847614 19.21088 10.74863 2.847614 18.03588 7.123632 3.242614 19.21088 10.74863 3.242614 20.64588 10.51863 3.242614 19.47088 6.893633 3.242615 21.06088 9.218634 3.242615 21.19588 8.968634 3.242615 21.35088 11.52363 2.452615 21.35088 11.52363 2.452615 21.19588 8.968634 2.847614 19.47088 6.893633 2.847614 20.90588 6.663635 2.847615 21.37588 13.01363 2.847615 21.21588 11.77363 2.847615 21.35088 11.52363 2.847615 21.48588 11.27363 2.847615 21.19588 8.968634 2.566054 22.19574 22.01885 1.981757 22.19574 22.04885 1.981757 22.19574 22.20885 3.202614 19.28087 16.42863 3.202614 19.27588 17.87363 3.202614 19.20088 17.85863 3.202614 19.35587 17.50863 3.202614 19.27588 18.93863 3.202615 19.84087 19.30863 3.202615 19.92087 18.94363 3.202615 19.92087 18.56863 3.202615 20.48587 18.93863 3.252615 21.52587 18.25863 3.252614 20.95587 18.31863 3.252614 20.95588 14.31363 3.252615 20.95587 22.68863 3.252614 20.38587 18.74363 3.252615 21.81587 22.68863 3.252615 21.24587 23.11363 3.252615 21.81587 22.26363 3.252615 22.10587 22.68863 1.981757 21.62574 22.04884 2.566054 21.62574 22.01885 1.981757 21.62574 22.20885 2.442615 21.81587 22.26363 2.442615 21.81587 22.68863 2.442615 22.10587 22.68863 2.442615 20.95587 22.68863 2.442615 21.24587 23.11363 2.442615 20.95587 18.31863 2.442615 20.38587 18.74363 2.442615 21.52587 18.25863 2.442615 20.95588 14.31363 2.566054 21.91074 21.85885 2.566054 21.91074 22.01885 2.566054 21.91074 22.17885 1.981757 21.91074 22.20885 1.39746 21.91074 22.23884 1.981757 21.91074 22.04885 3.132615 21.91074 22.35394 3.132615 21.46574 21.10894 3.115558 21.9151 21.11394 3.12443 22.35823 21.11394 3.132616 21.91074 19.86894 2.572615 21.46574 21.10894 2.572615 21.91074 22.35394 2.572615 21.91074 21.11394 2.572616 21.91074 19.86894 2.572615 22.35575 21.11394 2.852615 22.35574 22.35894 2.852615 21.91074 22.35394 2.852615 21.46574 22.34894 2.852615 21.46574 21.10894 2.852616 21.46574 19.86894 2.852616 21.91074 19.86894 2.852616 22.35575 19.86894 2.852615 22.35575 21.11394 2.847615 20.48587 19.31363 2.492615 19.84087 19.30863 2.847615 19.84087 19.30863 2.847614 19.19587 19.30363 2.492614 19.20088 17.85863 2.847614 19.20088 17.85863 2.847614 19.20588 16.41363 2.492614 19.28087 16.42863 2.847614 19.28087 16.42863 2.847614 19.35587 16.44363 2.492614 19.35587 17.50863 2.847614 19.35587 17.50863 2.847614 19.35587 18.57363 2.492615 19.92087 18.56863 2.847615 19.92087 18.56863 2.847615 20.48587 18.56363 2.492615 20.48587 18.93863 2.847615 20.48587 18.93863 2.847614 20.38588 14.37363 2.847615 20.95588 14.31363 2.847615 21.52588 14.25363 2.847615 21.52587 18.25863 2.847615 21.52587 22.26363 2.847615 21.81587 22.26363 2.847615 22.10587 22.26363 2.847615 22.10587 22.68863 2.847615 22.10587 23.11363 2.847615 21.24587 23.11363 2.848244 20.36301 23.07746 2.847615 20.38587 18.74363 2.492614 19.27588 17.87363 2.492614 19.27588 18.93863 2.492615 19.92087 18.94363 3.352615 22.03587 28.08362 2.852615 22.03587 27.79363 2.852615 22.03587 28.08362 2.852615 22.03587 28.37362 2.352615 22.03587 28.08362 3.102615 20.53087 26.54363 3.227615 20.67087 26.54863 3.227615 20.72587 28.34863 3.352615 21.94587 26.91363 3.352615 21.94587 26.69363 3.352615 22.03587 26.63363 3.352615 21.85587 26.62363 3.352615 21.94587 26.34363 3.352615 21.27587 25.80863 3.352615 21.27587 25.45863 3.352615 21.27587 25.08363 3.352615 21.85587 25.89863 3.352615 21.36587 23.86863 3.352615 21.94587 24.30863 3.352615 20.46587 24.10863 3.352615 21.13587 23.33363 3.352615 20.38587 23.33363 3.352615 21.28587 23.09363 3.227615 20.27087 23.31863 3.227615 20.42087 23.07863 3.227614 20.12587 23.58863 3.102614 20.16087 23.33363 3.227615 20.35587 24.15863 3.102614 20.24587 24.17363 3.227615 20.58587 24.69363 3.352615 20.78087 26.49863 3.352615 21.36587 26.50863 3.352615 21.45087 28.36363 3.352615 21.27587 26.18363 3.352615 21.94587 28.04862 3.352615 21.94587 27.75863 3.352615 21.85587 27.34863 3.352615 22.03587 24.24863 3.352615 21.94587 25.46363 2.852615 21.28587 23.09363 2.852615 22.03587 23.09363 2.852673 20.53478 23.09187 2.352615 21.28587 23.09363 2.963239 20.41008 23.06422 2.462615 20.42087 23.07863 2.837942 20.2829 23.02857 2.352615 21.94587 27.75863 2.852615 21.94587 27.75863 2.852615 21.85587 27.72363 2.352615 21.85587 27.34863 2.852615 21.85587 27.34863 2.852615 21.85587 26.97363 2.352615 21.94587 26.91363 2.852615 21.94587 26.91363 2.852615 22.03587 26.85363 2.852615 22.03587 24.24863 2.352615 22.03587 24.24863 2.852615 22.03587 25.40363 2.852615 21.94587 25.46363 2.352615 21.94587 25.46363 2.852615 21.85587 25.52363 2.852615 21.85587 25.89863 2.352615 21.85587 25.89863 2.852615 21.85587 26.27363 2.852615 21.94587 26.34363 2.352615 21.94587 26.34363 2.852615 22.03587 26.41363 2.572615 20.53087 26.54363 2.462615 20.72587 28.34863 2.462615 20.67087 26.54863 2.837615 20.47587 24.74363 2.837615 20.53087 26.54363 2.572614 20.24587 24.17363 2.837615 20.24587 24.17363 2.837614 20.01587 23.60363 2.572614 20.16087 23.33363 2.837615 20.16087 23.33363 2.462615 20.12587 23.58863 2.462615 20.27087 23.31863 2.352615 20.38587 23.33363 2.352615 21.13587 23.33363 2.352615 20.46587 24.10863 2.352615 21.36587 23.86863 2.352615 21.27587 25.08363 2.352615 21.94587 24.30863 2.352615 21.27587 25.45863 2.352615 21.27587 25.80863 2.352615 21.85587 26.62363 2.352615 21.94587 26.69363 2.352615 22.03587 26.63363 2.352615 21.27587 26.18363 2.352615 21.36587 26.50863 2.352615 21.94587 28.04862 2.352615 20.78087 26.49863 2.352615 21.45087 28.36363 2.462615 20.58587 24.69363 2.462615 20.35587 24.12363 2.837615 20.58587 28.34362 2.852615 22.03587 26.63363 2.852615 21.45087 28.36363 2.852615 20.86587 28.35363 2.962615 20.72587 28.34863 2.972615 21.67587 34.91362 2.972615 21.67587 34.50862 2.972615 21.67587 35.04862 2.847615 22.28587 24.36363 3.262615 22.28587 24.36363 2.847615 22.00587 24.36363 2.432615 22.28587 24.36363 2.847615 22.56587 24.36363 3.132615 22.65087 24.36363 2.717615 22.65087 24.36363 2.562615 22.65087 24.36363 2.847615 22.73587 24.36363 3.122614 21.26087 32.36862 2.942615 21.26087 32.36862 2.852614 21.09587 32.37362 2.847615 21.42087 32.36862 2.577615 21.25587 32.37362 2.932615 21.57087 32.34862 2.567615 21.56587 32.35362 3.117615 21.56587 32.35862 2.837615 21.71087 32.34362 2.732615 22.16587 35.13362 2.732615 22.61087 35.22362 2.732615 22.61087 35.00362 2.732615 22.61087 35.41362 2.732615 23.05587 35.28362 2.732615 21.92087 35.40362 2.732615 22.36587 35.46362 2.732615 21.92587 35.35362 2.732615 21.68087 35.40362 2.727615 21.68587 34.50862 2.732615 21.92587 34.77862 2.727615 21.92587 34.64362 2.727615 22.37087 34.73362 2.852614 22.36587 35.46362 2.852614 23.05587 35.47362 2.852615 21.67587 35.45362 2.972615 22.36587 35.46362 2.962615 21.52087 35.45362 3.082615 21.52087 35.45362 2.627614 21.52087 35.45362 2.857615 21.36587 35.45362 2.677614 21.21587 35.45362 3.012615 21.21587 35.45362 2.647615 22.04087 30.95363 2.592615 22.21087 31.14362 2.587615 22.20587 30.82362 3.052615 22.21087 30.82362 3.052615 22.22087 31.14362 3.002614 22.04587 30.95363 3.102615 22.38587 29.62862 3.052615 22.21087 29.43863 3.047615 22.21087 28.24363 2.997614 22.03587 29.43863 2.822615 22.03587 30.63363 2.817615 22.03587 29.43863 2.817615 22.03587 28.24363 2.642615 22.03587 29.43863 2.587615 22.20587 29.43863 2.587615 22.20587 28.24363 2.532614 22.37587 29.62862 2.672615 22.48587 30.98862 2.672615 22.48587 29.60362 2.672615 22.48587 28.24362 2.812615 22.59587 29.60362 2.957615 22.49087 30.98862 2.957615 22.49087 29.62862 2.957615 22.49087 28.24362 2.972615 21.92087 34.64362 2.972615 21.92087 34.77862 2.972615 22.36587 34.73362 2.972615 22.61087 35.00362 2.972615 22.61087 35.22362 2.972615 22.16587 35.13362 2.972615 23.05587 35.28362 2.972615 22.61087 35.41362 2.972615 21.92087 35.40362 2.972615 21.67587 35.40362 2.972615 21.92087 35.35362 2.972615 21.67587 34.99862 3.082615 21.52087 34.91362 3.082615 21.52087 34.35862 3.192615 21.36587 34.89862 2.847615 21.68087 34.37362 2.957615 21.52587 34.35862 2.622614 21.52587 34.35862 2.857615 21.36587 34.34362 2.627614 21.52087 34.89862 2.727615 21.68087 34.91362 2.522614 21.36587 34.89862 2.677614 21.21587 34.34362 2.677614 21.21587 34.89862 2.832615 21.06587 34.89862 3.012615 21.21587 34.34362 3.012615 21.21587 34.89862 2.732615 21.68087 35.04862 2.847615 22.37087 34.73362 2.852615 23.05587 35.09362 2.732615 21.68587 34.99862 3.032614 21.09587 31.66362 2.852614 21.09587 31.66362 2.852614 21.09587 30.95362 2.672615 21.09587 31.66362 2.577615 21.25587 31.66362 2.577615 21.25587 30.95362 2.482615 21.41587 31.66362 2.567615 21.56587 31.64362 2.567615 21.56087 30.95862 2.652615 21.71087 31.64863 2.842615 21.71087 30.95862 2.842615 21.71587 31.64362 3.027614 21.71087 31.65362 3.122614 21.57087 31.65862 3.122614 21.56587 30.95362 3.212615 21.42087 31.65862 3.122614 21.25587 31.66362 3.122614 21.25587 30.95362 2.722615 21.52087 28.27363 2.967615 21.52087 28.27363 2.847615 21.39587 28.27363 2.722615 21.27087 28.27363 2.967615 21.27087 28.27363 2.967615 21.27087 32.02362 2.842615 21.14587 32.02362 2.722614 21.27087 35.77362 2.722614 21.27087 32.02362 2.602614 21.39587 32.02362 2.722614 21.52087 35.77362 2.722615 21.52087 32.02362 2.842615 21.64587 32.02362 2.967615 21.52087 35.77362 2.967615 21.52087 32.02362 3.092615 21.39587 32.02362 2.967615 21.27087 35.77362 2.847614 21.39587 35.77362 2.647615 21.87087 30.79862 2.827615 21.87087 30.79862 3.017614 21.87587 30.79363 3.012614 21.88087 31.81362 2.827615 22.05087 31.27363 2.837615 21.87587 31.81362 2.652615 21.88087 31.80363 3.017614 21.88587 31.11363 2.652615 21.87587 31.11862 2.432615 22.00587 26.31363 2.847615 22.00587 26.31363 2.847615 22.00587 28.26363 3.262614 22.00587 26.31363 2.852615 21.68087 35.35362 2.852615 21.92587 35.35362 2.852615 22.16587 35.35362 2.852615 22.16587 34.91362 2.852615 21.92087 34.77862 2.852615 21.68087 34.64362 2.852615 22.16587 35.13362 2.852615 23.05587 35.28362 2.852615 21.68087 34.99862 2.762614 22.20587 28.24363 2.817615 22.38087 28.24362 2.432615 22.28587 28.26363 2.432615 22.28587 26.31363 2.432615 22.56587 26.31363 2.562615 22.65087 28.26362 2.562615 22.65087 26.31363 2.692615 22.73587 26.31363 2.847615 22.73587 28.26362 2.847615 22.73587 26.31363 3.002614 22.73587 26.31363 3.132614 22.65087 28.26362 3.132615 22.65087 26.31363 3.262614 22.56587 26.31363 3.262614 22.28587 28.26363 3.262614 22.28587 26.31363 2.847615 22.28587 28.26363 2.847615 22.56587 28.26362 2.717615 22.65087 28.26362 2.757615 21.25587 30.95362 2.847615 21.41587 30.95362 2.932615 21.56087 30.95862 2.877615 22.21587 31.14362 2.817615 22.38087 31.01362 2.632615 22.62587 18.73363 2.552615 22.52587 18.73363 2.632615 22.62587 22.24363 2.672615 20.34297 16.89165 2.672615 20.29428 17.11132 2.672616 20.68641 17.16752 2.672615 20.34997 16.79078 2.672615 19.95784 16.73458 2.672615 19.74363 16.75367 2.672615 19.73664 16.85454 3.072615 19.0171 18.63553 3.072615 19.41875 18.92901 3.072615 19.02968 18.86518 3.137615 22.62587 18.73363 3.052615 22.72587 18.73363 3.137615 22.62587 22.24363 3.222615 22.52587 18.73363 3.137615 22.62587 15.22363 3.052615 22.63088 15.03363 3.137615 22.53087 15.03363 3.222615 22.37088 15.03363 3.137615 22.37587 14.84363 2.552615 22.45087 22.24363 2.552615 22.45087 21.13863 2.552615 22.37587 21.13863 2.552615 22.45088 17.62863 2.552615 22.29087 19.95363 2.552615 22.36587 17.54863 2.552615 22.37088 15.03363 2.552615 22.21087 17.35863 2.392615 21.77087 19.86363 2.472615 21.85587 19.86863 2.472615 22.12087 19.86863 2.807615 21.85587 19.86863 2.887615 22.20587 19.87363 2.807615 21.77588 19.86363 3.222615 22.12587 19.86863 2.807615 21.50588 19.86363 3.222615 21.77588 19.86363 2.712615 22.72587 18.73363 2.632615 22.62587 15.22363 2.882615 22.72587 18.73363 2.882615 22.72587 22.24363 2.882615 22.72587 15.22363 2.882615 22.63088 15.03363 2.712615 22.63088 15.03363 2.882615 22.53587 14.84363 2.632615 22.53087 15.03363 2.632615 22.37587 14.84363 3.222615 21.75087 14.34363 3.222615 21.75087 17.10363 3.222615 21.50588 17.10363 3.222615 22.02087 17.10363 3.222615 22.10587 14.59363 3.222615 22.13088 17.35363 3.222615 22.21087 17.35863 3.222615 22.36587 17.54863 3.222615 22.45088 17.62863 3.222615 22.29087 19.95363 3.222615 22.45087 21.13863 3.222615 22.45087 22.24363 3.221435 22.37621 21.13863 2.622615 19.41875 18.92901 2.622615 19.0171 18.63553 2.622615 19.02968 18.86518 2.632615 22.55087 22.24363 2.802615 22.55087 22.24363 2.887615 22.37587 22.24363 3.137615 22.55087 22.24363 2.472615 21.50588 14.59363 2.887615 21.50588 14.34363 2.807615 21.50588 14.59363 2.392615 21.50588 17.35363 2.807615 21.50588 17.10363 3.032615 20.68641 17.16752 3.032615 20.29428 17.11132 3.032615 20.34297 16.89165 3.032615 20.34997 16.79078 3.032614 19.95784 16.73458 3.032614 19.73664 16.85454 3.032614 19.74363 16.75367 2.887615 22.37587 20.03363 2.887615 22.29087 19.95363 2.887615 22.37587 21.13863 2.392615 21.77087 17.35363 2.392615 21.77087 14.84363 2.392615 22.03587 17.35363 2.472615 22.12087 17.35863 2.472615 22.12587 14.84363 2.887615 22.21587 14.84363 2.967615 22.37587 14.84363 2.552615 21.75088 14.34363 2.887615 21.75088 14.34363 2.887615 21.99588 14.34363 2.887615 22.10588 14.59363 2.552615 22.10588 14.59363 2.472615 21.75088 14.59363 2.472615 22.01588 14.59363 2.847615 18.62803 18.5717 2.847615 19.0171 18.63553 2.847615 19.40617 18.69935 2.847615 19.41875 18.92901 2.847615 19.43132 19.15866 2.847615 19.02968 18.86518 2.852615 20.7351 16.94785 2.852615 20.68641 17.16752 2.852615 20.63771 17.38719 2.852615 20.29428 17.11132 2.852614 19.95084 16.83545 2.852614 19.73664 16.85454 2.852614 19.52243 16.87364 2.852614 19.74363 16.75367 2.852614 19.96484 16.6337 2.852615 20.34997 16.79078 2.422615 22.35087 23.32863 2.422615 22.35087 22.27863 2.422615 22.03587 23.32363 2.422615 22.90587 23.93863 2.422615 22.78587 23.27863 2.422615 22.78587 23.71363 2.422615 22.47087 24.37363 2.422615 22.35087 23.71363 2.422615 22.66587 22.66863 3.152615 22.59587 22.46863 3.152615 22.82587 22.26363 3.152615 22.82587 22.46863 3.152615 22.82587 22.67363 3.152615 23.05587 22.46863 3.097615 23.09087 22.26363 3.097615 23.09087 22.46863 3.097615 23.09087 22.67363 3.042615 23.12587 22.46863 3.012615 22.99587 22.26363 3.012615 22.99587 22.46863 3.012615 22.99587 22.67363 2.982615 22.86587 22.46863 2.847615 22.86587 22.26363 2.847615 22.86587 22.46863 2.847615 22.86587 22.67363 2.712615 22.86587 22.46863 2.672615 23.00087 22.26363 2.672615 23.00087 22.46863 2.672615 23.00087 22.67363 2.632615 23.13587 22.46863 2.587615 23.11087 22.26363 2.587615 23.11087 22.46863 2.587615 23.11087 22.67363 2.542615 23.08587 22.46863 2.542615 22.84087 22.26363 2.542615 22.84087 22.46863 2.542615 22.84087 22.67363 2.542615 22.59587 22.46863 2.847615 22.59587 22.26363 2.847615 22.59587 22.46863 2.847615 22.59587 22.67363 2.847615 22.03587 22.27363 2.847615 22.35087 22.27863 3.272615 22.35087 22.27863 2.847615 22.66587 22.28363 2.847615 22.90587 24.37363 2.847615 22.47087 24.37363 3.272615 22.47087 24.37363 2.847615 22.03587 24.37363 2.847615 22.03587 23.32363 3.272615 22.03587 23.32363 2.627615 22.97587 22.26363 2.627615 22.73087 22.26363 2.762615 22.73087 22.26363 3.067615 22.73087 22.26363 3.067615 22.96087 22.26363 3.272615 22.35087 23.32863 3.272615 22.66587 22.66863 3.272615 22.35087 23.71363 3.272615 22.78587 23.71363 3.272615 22.78587 23.27863 3.272615 22.90587 23.93863 2.627615 22.97587 22.67363 2.627615 22.73087 22.67363 2.762615 22.73087 22.67363 3.067615 22.73087 22.67363 3.067615 22.96087 22.67363 2.847615 22.90587 23.93863 2.847615 22.90587 23.50363 2.847615 22.78587 23.27863 2.847615 22.66587 23.05363 2.847615 22.66587 22.66863 2.847614 16.87588 15.40363 2.512614 17.07588 14.59363 2.847614 17.07588 14.59363 3.182614 17.07588 14.59363 2.847614 17.27588 13.78363 2.847614 20.39587 14.46363 2.512614 20.39587 15.48363 2.847614 20.39587 15.48363 3.182614 20.39587 15.48363 2.847614 20.39587 16.50363 2.512614 17.74088 14.70363 2.512614 17.54088 15.51363 2.847614 18.20588 15.62363 2.847614 17.54088 15.51363 2.847614 18.72088 16.06863 3.182614 18.72088 16.06863 3.182614 19.34588 15.68363 3.182614 18.83088 15.23863 3.182614 19.92588 15.67863 3.182614 19.81587 16.50863 3.182614 19.92588 14.65863 2.847614 19.92588 14.65863 2.847614 19.45588 14.85363 2.512614 19.92588 14.65863 2.512614 19.92588 15.67863 2.512614 19.81587 16.50863 2.512614 19.34588 15.68363 2.847614 19.81587 16.50863 2.847614 19.23587 16.51363 2.512614 18.72088 16.06863 2.512614 18.83088 15.23863 2.512614 18.36588 14.31863 2.847614 18.36588 14.31863 3.182614 18.36588 14.31863 3.182614 17.74088 14.70363 3.182614 17.54088 15.51363 2.818144 16.4777 24.75287 2.503144 15.5777 24.19787 2.818144 15.5777 24.19787 3.133144 15.5777 24.19787 2.818143 14.6777 23.64287 2.818146 21.1277 20.12287 2.503145 21.1277 21.19787 2.818146 21.1277 21.19787 3.133146 21.1277 21.19787 2.818145 21.1277 22.27287 2.503144 16.8527 24.30287 2.503144 15.9527 23.74787 2.503143 15.3027 22.93787 2.503144 16.5777 23.04287 2.503144 17.7527 23.41787 2.503144 17.1027 22.60787 2.503144 16.6277 21.71287 2.503144 17.8027 22.08787 2.503144 18.9827 22.68287 2.503144 18.5077 21.78787 2.503145 18.3277 20.78287 2.503145 19.5077 21.37787 2.503145 20.4077 22.32787 2.503145 20.2277 21.32287 2.503145 20.2277 20.24787 3.133144 16.8527 24.30287 2.818144 16.8527 24.30287 2.818144 17.2277 23.85287 3.133144 17.7527 23.41787 2.818144 17.7527 23.41787 2.818144 18.2777 22.98287 3.133144 18.9827 22.68287 2.818144 18.9827 22.68287 2.818144 19.6877 22.38287 3.133145 20.4077 22.32787 2.818145 20.4077 22.32787 2.818143 15.3027 22.93787 3.133143 15.3027 22.93787 2.818143 15.9277 22.23287 2.818144 16.6277 21.71287 3.133144 16.6277 21.71287 2.818145 17.3277 21.19287 2.818145 18.3277 20.78287 3.133145 18.3277 20.78287 2.818145 19.3277 20.37287 2.818145 20.2277 20.24787 3.133145 20.2277 20.24787 3.133144 15.9527 23.74787 3.133144 16.5777 23.04287 3.133144 17.1027 22.60787 3.133144 17.8027 22.08787 3.133144 18.5077 21.78787 3.133145 19.5077 21.37787 3.133145 20.2277 21.32287 2.950976 20.63043 20.9496 2.816593 20.43379 19.8345 2.808877 20.41178 22.02019 2.847615 20.38587 19.28988 2.830309 20.63037 21.50882 2.824923 20.53165 20.36001 2.847611 20.35855 22.56738 2.847615 20.38587 19.01675 2.950688 20.62264 21.20935 2.749605 20.53583 20.0927 2.832644 20.37347 22.29427 2.847615 20.38587 19.563 2.751808 20.53549 21.76727 2.812483 20.63465 20.63321 2.847615 20.35596 22.8305</float_array>
          <technique_common>
            <accessor source="#v_ak47_body2_model0-mesh-positions-array" count="952" stride="3">
              <param name="X" type="float"/>
              <param name="Y" type="float"/>
              <param name="Z" type="float"/>
            </accessor>
          </technique_common>
        </source>
        <source id="v_ak47_body2_model0-mesh-normals">
          <float_array id="v_ak47_body2_model0-mesh-normals-array" count="4266">0 0.1008257 0.9949042 -5.14368e-6 0.1008264 0.9949041 0.002971529 0.1037992 0.9945939 0 0.1008267 0.994904 -0.001490116 0.1062868 0.9943344 0.002580404 0.1023163 0.9947487 0.723041 0.6886892 0.05402612 0.6719244 0.7266902 -0.1429654 0.9942657 -0.08678537 -0.06248277 -0.9486813 -0.300728 0.09780913 -0.9512548 0.2889626 -0.107774 -0.9783358 0.08348178 0.1894463 -0.843937 0.5342439 0.04851758 -0.9699593 0.08457928 0.2280904 -0.9486789 0.3137279 -0.03979271 -0.9257352 -0.3758535 0.04181432 -0.9391433 -0.04706746 -0.3402864 -0.7113066 -0.506955 0.4868671 0.1051637 -0.9539577 0.2809011 -0.4472736 -0.8508176 0.2757824 0.2128357 -0.9294793 0.3012796 0.05577635 -0.8923454 0.4478939 0.8320527 -0.5275159 0.1715089 0.6435257 -0.7214637 0.2556654 0.9900374 -0.009476482 0.1404856 0.8320485 0.5502927 -0.06980884 0.9902722 -0.04231661 0.1325531 0.3292472 0.9025534 0.2774772 0.8282586 0.4149422 0.3765778 0.6822882 0.7097355 0.1753804 -0.3292623 0.9411258 0.07660669 -0.4485374 0.8179216 -0.3603034 -0.7337053 0.4468179 0.5118891 0 -0.1582582 -0.9873977 -1.95503e-6 -0.1582579 -0.9873979 0 -0.1582583 -0.9873978 0 -0.1582584 -0.9873977 -8.67017e-7 -0.1582578 -0.9873979 0 -0.1582577 -0.9873979 0.7070759 0.7011149 -0.09209609 0.2420619 0.9622832 -0.1241655 -0.4472404 0.8870598 -0.1144597 0.09328132 0.9954415 0.01986986 -0.623524 0.7766777 0.08938461 -0.07938873 0.9876054 0.1353997 0.188552 0.8381571 0.5118016 0.02538806 0.8699608 0.4924669 -0.2358663 0.9641845 -0.1213079 0.1726362 0.9761554 -0.1315954 0 -0.1582576 -0.987398 0 -0.1582576 -0.9873979 -5.61268e-7 -0.1582577 -0.9873979 0.9992481 0.03627532 -0.01368904 0.7070957 -0.6724811 0.2185973 0.9999821 -0.005979895 -3.98649e-4 0.001484632 0.1012227 0.9948627 -1.44053e-7 0.1008276 0.9949039 0 0.1008269 0.994904 0 1 0 1 8.42754e-6 0 1 -1.09683e-6 0 1 8.56346e-6 0 1 -2.60626e-6 0 1 -8.74745e-7 -2.79925e-7 1 -6.0474e-7 -1.61763e-7 1 -9.91123e-7 -1.83178e-7 1 -5.39011e-7 0 1 -1.11893e-6 0 1 -9.02706e-7 0 1 0 0 1 -7.96374e-7 0 1 -1.67771e-6 0 1 0 0 1 0 0 1 0 0 0 -1 0 -1 3.18548e-7 0 -1 0 0 -1 0 0 -1 3.52265e-7 0 -1 0 0 -1 0 0 1 0 0 1 0 0 1 0 0 0.005132675 0 0.9999868 0.005132436 0 0.9999869 0.05119317 -0.0461961 0.9976198 0.005132079 0 0.9999869 0.0911799 0.02308779 0.9955668 0.02820903 -0.0399847 0.998802 -0.1575504 0 -0.987511 -0.1575494 0 -0.9875112 -0.3054686 -0.1556438 -0.9393956 -0.1574541 1.75266e-6 -0.9875264 -0.3054692 -0.1556404 -0.939396 -0.2314095 -0.1347528 -0.9634789 1 8.64152e-7 0 0.9994131 0.0338484 -0.005270659 0.9999555 0.004284441 -0.008414506 0.9999166 -0.004265606 -0.01218968 0.9999675 0.007965803 -0.001269459 0.9998372 -0.01782935 0.002791047 -1 8.64152e-7 0 -1 6.75317e-7 0 -1 -2.40139e-7 -4.84136e-7 -1 0 -9.58348e-7 -1 -2.95379e-7 -4.77789e-7 -1 2.81659e-7 -9.57504e-7 2.83967e-7 -0.005293428 0.9999861 -0.005109131 -0.008294165 0.9999526 -0.002997457 -0.006104528 0.9999769 -2.85313e-7 -0.005293488 0.9999861 -0.002997457 -0.006104528 0.9999769 0 -0.00534141 0.9999858 0 -1 -1.3734e-6 0 -1 -5.42565e-7 0 -1 0 0 0 -1 0 2.14308e-6 -1 0 2.14308e-6 -1 0 2.14308e-6 -1 0 1 2.73573e-6 0 1 3.85254e-7 0 1 2.35052e-6 -0.001255393 0.9999993 -2.80273e-4 -0.004252851 0.9999909 -4.41768e-4 -0.00850749 0.9999635 -8.88374e-4 3.59538e-7 -2.27103e-4 1 -0.006475925 -0.00401324 0.999971 -0.0037992 -0.001200914 0.9999921 -3.61242e-7 -2.27105e-4 1 0.007478296 -0.007753133 0.999942 0 -2.27107e-4 1 1.60305e-7 -1 -1.05953e-4 -0.00287038 -0.9999943 -0.001816868 -0.001689493 -0.9999985 -6.17933e-4 -1.61065e-7 -1 -1.05957e-4 -0.001689791 -0.9999985 -6.1724e-4 0 -1 -1.05171e-4 3.06867e-7 0.1898146 -0.9818199 -0.005588352 0.1930032 -0.9811823 -0.003195464 0.1906975 -0.9816437 -3.08323e-7 0.1898029 -0.9818223 -0.003195941 0.1906964 -0.9816439 0 0.1898045 -0.981822 0 0.9999981 -0.001965463 -0.001694023 0.9999981 -9.96629e-4 -9.96629e-4 0.9999981 -0.001694023 0 0.9999981 -0.001965463 -9.96629e-4 0.9999981 -0.001694023 0 0.9999981 -0.001965463 0 8.83641e-4 -0.9999997 0 8.83642e-4 -0.9999997 0.009683251 -0.00879997 -0.9999144 0 8.83641e-4 -0.9999997 -0.004801154 -0.01720106 -0.9998406 0.00838685 -0.004007101 -0.9999569 1.95964e-6 -0.1104999 -0.9938762 -0.005003988 -0.1076003 -0.9941817 -0.002893149 -0.1096835 -0.9939624 -2.80712e-7 -0.1104998 -0.9938762 -0.002893149 -0.1096829 -0.9939624 0 -0.1104992 -0.9938762 0 0.9999981 -0.001965463 -0.001693844 0.9999981 -9.96366e-4 -9.96629e-4 0.9999981 -0.001694023 0 0.9999981 -0.001965463 0.001965463 0.9999981 5.69096e-7 0 0.9999981 -0.001964867 0 3.28847e-6 -1 0 3.28851e-6 -1 0 3.28855e-6 -1 0.001965463 0.9999981 0 0 -2.21784e-6 1 0 -1.1089e-6 1 0 -2.21784e-6 1 0 -2.21785e-6 1 0.006090819 -0.01309818 0.9998958 -0.01222193 -0.01487439 0.9998148 -0.05626648 -0.9984159 0 0.002966582 -0.9999226 0.01208877 -0.009700298 -0.99984 0.01503717 0.05524522 -0.9980172 -0.03016275 0 -1 -4.19036e-7 0 -1 -3.11457e-7 -1 0 0 -1 -7.86322e-7 0 -1 0 0 -1 0 0 -1 -3.64187e-7 0 -1 -1.32801e-6 0 -1 1.17012e-6 2.79925e-7 -1 8.58655e-7 1.83178e-7 -1 0 1.61762e-7 -1 -2.69062e-7 0 -1 6.78578e-7 0 -1 7.69871e-7 0 -1 0 0 0 -1 0 0 -1 0 -0.296249 -0.9542161 -0.04133224 -0.6053932 -0.7931083 0.06692028 0.1758503 -0.9703333 0.1659215 0.01130563 -0.02624475 0.9995917 -0.08910465 -3.34553e-4 0.9960223 0.06314879 -0.02973759 0.997561 -0.001965463 0.9999981 0 0 0.9999981 -0.001965463 0 6.57703e-6 -1 0 6.57702e-6 -1 0 6.57702e-6 -1 -0.001965463 0.9999981 0 0 0.9999981 -0.001965463 0 0.9999981 -0.001965343 -0.005800485 -0.1046985 -0.9944871 0 -0.1104982 -0.9938764 0 -0.1104987 -0.9938763 0.004803538 -4.94907e-4 -0.9999884 -4.60297e-7 7.87815e-4 -0.9999997 4.62479e-7 7.8779e-4 -0.9999997 -0.006423652 0.1960927 -0.9805643 0 0.1898079 -0.9818214 0 0.1898078 -0.9818213 -0.003403365 -0.9999881 -0.003499925 0 -1 -1.05955e-4 0 -1 -1.0567e-4 -0.007478117 -0.0078004 0.9999417 0 -2.27103e-4 1 0 -2.27109e-4 1 -6.25959e-4 0.9999994 8.63281e-4 0 0.999998 0.001999795 0 1 3.85216e-7 0 4.28614e-6 -1 0 4.28613e-6 -1 0 4.28614e-6 -1 0 -1 0 0 -1 -3.8828e-7 -0.00589621 -0.01120012 0.9999199 0 -0.005293488 0.9999861 0 -0.005293488 0.9999861 -1 0 -4.78738e-7 -1 8.60671e-7 -9.57506e-7 -1 6.7395e-7 0 0.999938 -0.002176225 0.01092773 0.9999785 0 0.006574988 0.999908 0.008369266 0.01067936 -0.177218 -0.07779145 -0.9810925 -0.1574525 -5.30061e-5 -0.9875267 -0.1574574 -2.56366e-6 -0.9875258 0.01131623 -0.02309072 0.9996693 0.005132079 2.20455e-6 0.9999868 0.005132257 -2.21501e-6 0.9999869 -1 5.01193e-7 0 -1 1.45634e-6 0 -1 -5.74415e-7 0 -1 -3.43074e-7 0 -1 4.53402e-7 0 -1 0 0 -1 0 0 -1 0 0 1 0 0 1 0 0 1 0 -1.29219e-7 1 0 -1.53621e-7 1 1.67121e-7 0 1 -8.12369e-7 0 1 -1.68408e-6 0 1 -2.58669e-6 0 1 8.79385e-6 0 1.90737e-6 1 0 1.90734e-6 1 0 1.90734e-6 1 0 0.29523 -0.9340872 0.2007997 0.6069274 -0.7897032 -0.08948785 0.4671689 -0.8831911 -0.0415551 1 7.12202e-7 0 1 1.87289e-7 0 1 6.82479e-7 0 1 3.40984e-6 0 1 1.8729e-7 0 0.979997 -0.1940366 0.0442245 0.9971619 -0.0435943 -0.06138241 0.9971619 0.06639575 0.03549492 0.997162 -0.04359346 -0.06138241 0.9971692 -0.03887844 -0.06436073 0.8922924 -0.4492762 0.04433304 0.8196461 -0.5714945 0.03967654 0.9494764 -0.2093387 -0.2338204 0.9986075 -0.007198333 -0.05226218 0.5956158 -0.6617054 -0.4553985 0.5532355 -0.8315885 -0.04889822 0.7163218 -0.6099463 0.3388934 0.656794 -0.703583 0.2712798 0.9539245 -0.2448396 0.1734409 0.9971661 0.06208604 -0.04248791 0.9971658 -0.0583713 -0.04746907 1 5.82974e-6 0 1 -4.17476e-6 0 1 3.8363e-6 0 0.01149821 0.06578332 -0.9977677 0.01111114 8.03551e-4 -0.999938 -0.007066726 0.1189734 -0.9928723 -0.001415312 0.2305808 -0.9730523 0.07668697 0.09238761 -0.9927657 9.60938e-7 0.3802172 -0.9248973 0.009590566 0.3777958 -0.9258393 0 0.1363449 -0.9906615 -6.41767e-6 0.3802039 -0.9249028 0.01661413 0.371295 -0.9283664 0.08279478 0.270632 -0.959116 0 0.7071312 -0.7070824 -0.1870904 0.7397518 -0.6463471 0 0.9780783 -0.2082378 -2.15368e-4 0.9320853 -0.3622389 0 0.9541089 0.2994598 0.2033063 0.9671691 0.1524809 9.38338e-7 0.9479804 0.3183289 -0.1876693 0.8823271 0.4316006 0 0.5207166 0.8537297 -9.46651e-5 0.7711344 0.6366724 -9.11727e-5 0.3408554 0.9401158 -0.1365458 0.5738682 0.807484 0 0.7071068 -0.7071068 0 0.7070962 -0.7071174 0 0.990714 -0.1359622 0 0.7070857 -0.7071279 -0.02706044 0.9976775 -0.06250965 0 0.9479811 0.3183267 0.1736926 0.8521504 0.4936301 0 0.3408694 0.9401107 0 0.7711436 0.6366613 0 0.4063568 0.9137146 0.1988617 0.5073309 0.8384923 -9.46656e-5 0.7711392 0.6366665 0.1593633 0.8157193 0.5560626 0 0.9804082 0.1969765 0 0.947984 0.3183183 0 0.9780771 -0.208243 -0.1620905 0.979259 -0.1215679 -6.14832e-5 0.9571635 -0.2895479 0.1652721 0.9003188 -0.4026305 0 0.61262 -0.7903777 0 0.8152926 -0.5790491 0 0.4504539 -0.8927997 0.09506136 0.6281051 -0.7723001 -0.2324202 -0.9721057 0.03148788 -0.6510528 -0.7588902 0.01469874 -0.4332697 -0.888016 0.1539644 0 -0.993554 -0.1133604 -0.05589604 -0.9730783 0.2235943 -0.3076198 -0.946977 0.09276199 0.07387316 -0.8969733 0.435869 -0.4684869 -0.8317212 0.2979262 0.4514453 -0.8918908 0.02698361 0.3567975 -0.8156208 0.4554759 0.1173617 -0.9858165 -0.1199672 -0.2960152 -0.8493643 -0.4369844 0.09158939 -0.8755986 -0.474277 -0.3415146 -0.8787296 -0.3334698 -0.741707 -0.6687231 0.0517711 -0.8632586 -0.4819287 -0.1500982 -0.8562941 -0.4611526 -0.2325915 -0.7228684 -0.6235994 -0.2976328 -1 -1.31402e-7 0 -0.9990528 0.03569096 -0.0248928 -0.9636282 -0.2570254 0.07320255 -0.9995042 0.03109091 0.004999339 -0.920174 -0.3845824 0.07332402 -0.9995025 -0.01489961 0.02779656 -0.9995042 -0.01279127 0.02877509 -0.9995042 -0.01278722 0.02877753 -1 2.82036e-7 0 -1 1.96275e-7 0 -1 0 0 -1 -2.11486e-7 0 -1 -1.48981e-7 0 -0.9995041 -0.01278984 0.02877753 -0.9995027 -0.004698693 0.0311855 -0.9780761 -0.2071282 0.02156978 -0.6991995 -0.6987987 0.1509985 -0.6901206 -0.6346069 0.3478615 0.3260239 -0.9449205 0.02887153 -0.08087939 -0.996259 0.03043931 0.3827895 -0.8068881 -0.4498933 0.2450405 -0.8545125 -0.4579997 0.08908838 -0.9210956 -0.3790072 -1 -4.58718e-6 0 -1 -2.59664e-6 0 -1 -4.42534e-6 0 2.15005e-7 -0.01282262 0.9999178 -0.003671884 -0.01491624 0.9998821 -0.002185165 -0.01342463 0.9999075 -2.04782e-7 -0.01282262 0.9999179 -0.00378865 -0.01042008 0.9999386 0 -0.006399154 0.9999796 3.95812e-7 -0.01278418 0.9999184 -0.006789147 -0.0270161 0.999612 0.01091271 -0.02640098 0.999592 0 -0.01281529 0.999918 -0.00998497 -0.02222043 0.9997032 -0.006001651 -0.01359063 0.9998897 -0.01358991 -0.0173127 0.9997578 -1.17905e-6 -0.01279008 0.9999182 -7.24819e-7 -0.01279252 0.9999182 -1 0 0 -1 -1.01086e-6 0 -1 -3.54288e-6 0 -1 0 0 -1 -5.12828e-6 0 -0.4026984 -0.8896 0.2155131 -0.7518088 -0.6369725 0.1704394 -0.8170003 -0.5761743 0.02310395 -0.9655672 -0.2597435 0.0146026 -1 -1.06068e-6 0 -1 -8.25843e-7 0 -1 -1.3562e-6 0 -1 -1.50515e-6 0 -1 -2.81458e-7 0 -0.8810833 -0.4003732 -0.251781 -0.5594462 -0.6958932 -0.4502806 -0.001676797 0.613892 -0.7893884 0 0.612613 -0.7903831 0 0.6126509 -0.7903536 0.04030519 0.5542036 0.8314047 0 0.5207093 0.8537341 0 0.5207093 0.8537341 -0.05349928 0.3003215 -0.9523365 -0.03660076 0.1389416 -0.989624 0.1328915 -0.01867592 -0.9909547 -0.01278984 0.1242166 -0.9921728 -0.003409028 0.06158024 -0.9980964 -6.55989e-4 0.0198093 -0.9998036 1 1.797e-7 0 1 4.36733e-7 0 1 -2.80627e-7 0 1 1.06068e-6 0 1 -3.21565e-6 0 1 -5.85746e-7 0 1 -4.56746e-6 0 1 -2.92201e-7 0 0.7973395 -0.6030536 0.02400344 0.6272875 -0.6667768 -0.4023917 0.870858 -0.4160849 -0.2616866 0.986331 -0.153666 -0.05948066 1 -7.78739e-7 0 1 3.25711e-6 0 0.5465406 -0.8368514 0.03119492 3.81469e-6 1 0 3.81472e-6 1 0 0 0 0 0 -4.97715e-6 -1 0 -3.40597e-6 -1 0 -3.40599e-6 -1 0 -3.40602e-6 -1 0 -3.40604e-6 -1 0 -4.97737e-6 -1 -0.006707489 0.036493 0.9993114 0.01770371 0.04220938 0.998952 0.02488452 -0.004083991 0.9996821 0.03339296 0.08759063 0.9955967 0.02439892 0.1073042 0.9939268 -0.006727576 0.03647434 0.999312 -0.04099369 0.05790197 0.9974803 -0.1137717 0.005198419 0.9934933 -0.9996988 -0.001200497 0.02451258 -0.9997364 0.01638424 -0.01608514 -0.999962 0.002396285 0.008389115 -0.9997 0 -0.02449405 -0.9997 0.0244916 3.55025e-4 -0.9997 -0.01298236 0.02077054 -0.9996989 -0.00121665 0.02451062 -0.9998137 -0.01060944 0.01612365 -0.9992773 -0.02980875 0.02358609 -0.9996991 -0.001203238 0.02450227 -0.999479 -4.00154e-4 0.03227436 -0.9993479 0.01398473 0.03329175 -0.002600431 -0.01210016 0.9999234 -0.005081415 -0.01449412 0.9998821 -0.003593802 -0.01459944 0.999887 -0.004187166 -0.01228463 0.9999158 -0.005465447 0.007701396 0.9999554 -0.002797603 -0.005994737 0.9999781 -0.002598047 -0.01209181 0.9999235 0.006795287 -0.01039105 0.9999229 0.001199901 -0.01240575 0.9999223 -0.9054293 -0.4244974 3.50177e-7 -0.932905 -0.3377872 0.1248531 -0.9352484 -0.3256163 -0.1388682 0.9385837 0.3450515 8.99285e-6 0.9862226 -0.1563271 -0.05409944 0.9726781 -0.2230875 0.06426012 0.9381761 0.2834215 0.1987409 0.9983875 0.0567336 -0.001936495 0.9215067 -0.3830857 -0.06380397 0.8685071 -0.4956658 -0.003306806 0.7907738 -0.6121053 0.001997649 0.01088863 -0.9997826 -0.01778072 0.6796742 -0.7304313 0.06718003 0.3630253 -0.9317771 -0.002064704 0 -0.9826274 -0.1855896 0.05940371 -0.9982342 0 -0.6292516 -0.7771933 0.003605544 -0.9207403 -0.390176 0 -0.5839999 -0.8019855 -0.1255528 -0.9616633 -0.2513929 -0.109569 -0.9996991 -0.001148283 0.02450329 -0.6974903 0.7153975 -0.04139691 -0.9539319 0.290867 0.07355624 -0.9506358 0.3103087 -3.00129e-4 -0.6166234 0.7847911 -0.06227946 -0.5019415 0.8649016 -9.3724e-5 -0.1504628 0.9886157 -4.49829e-6 0.499616 0.8656781 -0.03138828 -0.01942056 0.9896057 0.1424902 0.1504908 0.9886115 -9.76992e-5 0.5805812 0.801751 -0.1418488 0.7476898 0.664048 4.76539e-4 0.9998097 -0.01917541 0.003595829 0.9998078 -0.01680326 0.01010078 0.9998097 0.01307833 0.01447695 0.9998097 -0.01917564 0.003594636 0.9998097 0.006499052 -0.01839536 0.9998097 -0.004896104 -0.01888531 0.9998097 -0.01917541 0.003595948 0.9998087 0.002399682 0.01940977 0.9998078 -0.002800524 0.01940447 0.9998097 -0.01917529 0.00359404 0.9998078 -0.01680409 0.01010125 0.9998089 -0.01668941 -0.01019322 0.9998097 -0.01917535 0.003596067 0.9998087 -0.007692635 0.01798117 0.9998097 -0.01937437 0.002295494 0.9998097 -0.01797288 -0.007589578 0.999815 -0.01923787 0 0.7893275 0.560166 0.2513486 0.4713986 0.6343004 -0.6127368 0.7830839 0.555736 -0.2791724 0.8053583 0.3335913 -0.4900154 0.200273 0.273264 -0.94086 -0.3813663 0.5327534 -0.7554692 -0.1936556 0.09440183 -0.9765172 -0.4667836 0.59825 -0.6513141 -0.9354171 0.05377036 -0.3494336 -0.8235971 0.536107 -0.1851412 -0.8798262 -0.4752956 -1.2308e-4 -0.959901 0.2803392 1.75867e-6 -0.9433147 -0.1170204 -0.3105863 -0.2116777 -0.9090378 -0.358947 -0.691906 -0.6739144 0.2590473 -0.2988259 -0.7026695 -0.6457234 0.1798502 -0.9836941 0 -0.5629953 -0.8264601 0 -0.01072615 -0.9730188 -0.2304766 0.867892 0.2859424 -0.4062025 0.4963202 -0.8535696 -0.158383 0.3326116 -0.7842804 -0.5237118 0.9643615 0.2645784 0.002299606 0.8449497 -0.534842 0.001999616 0.9264184 -0.1205806 0.3566644 -0.1875605 -0.1275624 -0.9739348 -0.7249251 0.6887941 0.006804883 -0.1726237 0.9824771 -0.07028359 -0.6113258 0.7760581 0.1549668 0.0205332 0.4613399 -0.8869859 0.004372954 0.4648035 -0.8854032 0.00958079 0.5098962 -0.8601827 0.004268169 0.4644125 -0.8856088 -0.6886889 -0.725057 -5.50005e-6 -0.6886548 -0.7241303 0.03728055 -0.6886541 0.4688451 0.5531182 0.5683814 -0.8227648 8.03611e-4 0.06279438 -0.9980258 0.001198172 0.4967051 -0.8546324 0.1512865 0.2831417 -0.9590781 2.06877e-4 0 -0.9802284 -0.1978694 -0.0710805 -0.9974707 0 -0.2831668 -0.9590707 1.09477e-4 -0.7449117 -0.6671631 8.87257e-5 -0.489075 -0.859178 0.150396 -0.5660981 -0.824338 0 -0.8523229 -0.5060673 -0.1320667 -0.9545624 -0.2979589 -0.005585491 -0.9658058 -0.2592668 1.98931e-6 -0.9480865 0.3172371 0.02220094 -0.9705686 -0.009824454 0.2406247 -0.9642913 0.2648428 7.97264e-4 -0.7181671 0.4099106 -0.5623251 -0.90526 -0.4240989 0.02539235 -0.9054147 -0.4245283 -7.9833e-6 -0.4616085 -0.4184307 -0.7821978 -0.7736316 -0.4599422 -0.4358295 -0.9054041 -0.4245509 6.79137e-5 -0.006499648 -0.4224247 0.9063747 0.4162377 -0.3745611 0.828523 0.9240316 -0.3821012 0.01282125 0.9241558 -0.3819969 -0.003814399 0.5110504 0.3156092 -0.7995114 0.9240242 -0.3821206 0.01276934 0.7043776 0.446018 -0.5521959 0.9497723 0.3129348 -0.00210011 0.9519866 0.3061303 0.002404332 0.9640932 -0.2655626 0.001000344 0.9668938 0.02170902 0.2542539 0.9686421 -0.2484603 -1.99544e-4 0.8660902 -0.4797201 -0.1405577 0.7543532 -0.6564689 7.75515e-5 0.2142626 0.90407 -0.3697959 0.3528381 0.2848362 -0.8912764 -0.5786946 0.190147 -0.7930679 -0.5450211 -0.05328226 -0.8367276 0.1019164 0.2403655 -0.9653173 -0.2151706 -0.5597974 -0.8002054 0.8961095 0.2842804 -0.3408406 0.6887004 -0.6887007 -0.2266784 0.422714 -0.2413475 -0.8735355 0.2305608 -0.9730579 1.36256e-4 -0.5752363 -0.8179875 9.15404e-5 -0.009896457 -0.9701182 0.2424311 0.2914435 -0.8204646 -0.491832 -0.8170674 -0.533683 -0.2181367 -0.9054391 -0.4244764 0 -0.9155811 0.4021337 6.98028e-7 -0.936043 -0.02538037 -0.3509693 -0.6930008 0.6871953 0.2179738 -0.2305508 0.9730603 7.86569e-7 0.57176 0.820421 -6.66963e-5 -0.1524533 0.970507 0.1867461 0.6780006 0.678 -0.2839564 0.9054357 0.4244834 2.03475e-4 0.9063965 -0.4224281 2.94923e-4 0.9358605 -5.8099e-7 0.3523707 -0.002597868 -0.01209181 0.9999235 0.00429821 -0.01159679 0.9999235 0.0114063 -0.004903554 0.9999229 -0.002598941 -0.01209157 0.9999235 0.008598268 -0.008956491 0.9999229 0.00749737 -0.009896337 0.9999229 -0.006896555 -0.7126152 -0.7015212 -0.00920546 -0.7035661 -0.7105702 -0.01021766 -0.7055156 -0.7086207 -0.006899476 -0.7126183 -0.7015181 -0.01032793 -0.7079442 -0.706193 -0.008798241 -0.7111169 -0.7030188 -0.004597067 0.9533265 0.3019067 -0.01969605 0.9576728 0.2871847 -0.01281034 0.9566935 0.2908154 -0.004598855 0.9533265 0.3019068 0.01768541 0.950739 0.3094878 0.004604637 0.9504722 0.3107755 0.9937284 0.1117836 0.002902865 0.9974213 0.06320911 0.03399008 0.993753 0.1098701 0.01958799 0.9937245 0.1118183 0.002903223 0.9961988 0.08510357 0.01858943 0.9943029 0.1057856 0.01308494 -0.9996992 -0.001203358 0.02449679 -0.9999406 -0.01089733 3.83387e-4 -0.9993938 -0.006110906 0.03427481 -0.9996988 -0.001198887 0.02451395 -0.9996314 -0.007089316 0.02621096 -0.9996988 0.02377325 0.006094217 -3.98259e-6 -1 -2.04235e-6 -2.29802e-6 -1 -5.8623e-7 -2.60475e-6 -1 -1.17848e-6 6.48761e-5 0 -1 1.41482e-5 0 -1 -1.41483e-5 0 -1 -1.57895e-5 0 -1 -0.004796624 -0.4918671 0.8706572 0.007687628 -0.490179 0.871588 0.01060289 -0.4799243 0.8772459 -0.004819154 -0.4919103 0.8706325 -0.01021665 -0.4948721 0.8689057 -0.00481975 -0.4914827 0.8708741 0.01888656 0.9998217 0 0 0.9998217 -0.01888656 0.009491324 0.9998207 -0.01638382 0.01888656 0.9998217 9.02234e-7 0.01888656 0.9998217 -3.76722e-6 0.01638472 0.9998207 -0.009490847 0.01891106 0.9998212 1.09055e-6 0.02191567 0.999695 0.01139062 0.01891911 0.999821 0 0.0189284 0.9998209 -6.86385e-7 0.06437015 0.9979261 -1.90176e-6 0.04159855 0.998875 0.02276873 0 -6.72748e-6 -1 1.03195e-5 0 -1 1.00347e-6 -5.47547e-6 -1 8.60326e-6 -6.60329e-6 -1 5.51527e-6 -7.34981e-6 -1 -9.97087e-7 0 -1 -3.08552e-7 -5.47965e-6 -1 -0.9996988 -0.001198351 0.0245127 -0.9997001 0.01158928 0.02157878 -0.9997 -7.98318e-4 0.02448099 -0.9996988 -0.001199543 0.02451264 -0.9972867 -0.002392232 0.07357573 -0.974381 0.2248262 0.005907535 -0.9385499 0.3451436 -5.48023e-5 -0.6456606 0.7636245 0 -0.8652885 0.4622845 0.1938275 -0.724922 0.6887966 0.006893277 -0.5406071 0.832605 -0.1204695 -0.4373994 0.8992673 0 -0.3009761 0.9536318 -6.20103e-6 -0.0148124 0.9998904 0 -0.2846981 0.9556655 0.07516914 -0.1505435 0.9886035 0 0 0.9920325 -0.1259819 0.0148124 0.9998904 0 0.1505427 0.9886035 0 0.4373982 0.899268 0 0.2846964 0.9556661 0.07516902 0.3009767 0.9536316 0 0.5432057 0.8307951 -0.1212726 0.6456616 0.7636237 -2.06149e-7 0.7237259 0.6900876 9.86281e-5 0.9740456 0.2263516 0 0.8627196 0.4666835 0.1947343 0.9385494 0.3451451 0 0.9974706 0.06546819 0.02768331 0.9998087 -0.01179718 -0.01559841 -0.00259751 -0.01209193 0.9999235 0.009798586 -0.007699131 0.9999225 0.004594147 -0.01148283 0.9999235 -0.002598106 -0.01209175 0.9999235 8.9736e-4 -0.01237982 0.999923 -0.001998841 -0.01229888 0.9999224 -0.002596616 -0.0120871 0.9999236 0.007799148 -0.009598672 0.9999235 -0.01108616 0.00559324 0.9999229 -0.002596795 -0.01208704 0.9999236 -7.98787e-4 -0.01238995 0.9999229 -3.99621e-4 -0.01240926 0.9999229 0.008580863 0 -0.9999633 0.004893064 -0.006092131 -0.9999695 3.03611e-7 1.34776e-5 -1 -0.01380944 0.02419304 -0.999612 -0.01247686 0.01722925 -0.9997738 -1.86427e-5 1.05419e-5 -1 -0.001610517 -0.001190423 -0.9999981 -0.03590124 -0.04319614 -0.9984214 -0.005221128 0.6117051 0.7910686 1.84046e-4 0.6196098 0.78491 -0.007401049 0.616966 0.786955 -0.005206465 0.6116922 0.7910788 -0.02640062 0.6189756 0.7849665 -0.002094209 0.5498066 0.8352894 -0.004507064 0.4914947 0.8708689 0.007906436 0.2260944 0.9740733 0.03646749 0.4319762 0.9011476 0.001598954 0.2226982 0.9748861 -0.005298852 0.4276252 0.9039407 -0.002699196 0.2199935 0.9754976 -0.03438961 -0.03747236 -0.9987058 -0.0272988 -0.0448721 -0.9986197 -6.45989e-6 2.68891e-5 -1 0.001199662 -0.01240575 0.9999223 -0.002598047 -0.01209181 0.9999235 -0.002598583 -0.01209169 0.9999235 0.9998097 -0.01797288 -0.007589399 0.9998097 -0.0191757 0.003594577 0.9998097 -0.01917552 0.003595054 -1.0035e-6 0 -1 1.07012e-5 -7.22927e-6 -1 0.03020524 0.9993497 0.01969504 0.01892703 0.9998209 0 0.01891106 0.9998213 -1.0854e-6 0.01892703 0.9998209 0 0.01888656 0.9998216 4.00357e-6 0.01888668 0.9998216 1.05521e-6 0.01888656 0.9998217 0 -0.01949888 -0.4974108 0.867296 -0.004818081 -0.4918708 0.8706549 -0.004801213 -0.4919013 0.8706378 -4.28932e-6 -1 -1.17157e-6 -6.13435e-7 -1 -3.12735e-7 -0.9998633 0.01059705 0.01269668 -0.9996988 -0.00119996 0.02451258 -0.9996995 -0.001209259 0.02448362 0.9952718 0.09529447 0.01879203 0.9937245 0.1118178 0.002906262 0.9937244 0.111819 0.002904057 0.9936754 0.111285 0.01499801 0.9937288 0.1117789 0.002903342 0.9937284 0.1117834 0.002899944 5.00379e-4 0.9511637 0.3086869 -0.004589617 0.9533271 0.3019047 -0.004594802 0.9533261 0.3019078 -0.03859114 0.9566335 0.2887268 -0.004608511 0.9533252 0.3019107 -0.004593312 0.9533267 0.3019061 -1.99478e-4 -0.6996802 -0.7144563 -0.006897211 -0.7126169 -0.7015195 -0.006895959 -0.7126144 -0.7015221 -0.006896674 -0.7126151 -0.7015213 0.001299619 -0.01229929 0.9999235 -0.00259757 -0.01209187 0.9999235 -0.002597689 -0.01209187 0.9999235 0.7771688 -0.4178197 0.4705693 0.9240328 -0.3820992 0.01279318 0.9240133 -0.3821441 0.01286536 -0.5864005 0.1476357 0.7964535 -0.9054102 -0.4245379 -1.40779e-5 -0.9054154 -0.4245269 9.86224e-6 -0.6886725 0.5158529 -0.5095351 -0.6886889 -0.725057 5.22435e-5 -0.6886889 -0.725057 5.31888e-5 -0.03489065 0.3774931 -0.9253549 0.004289686 0.4648032 -0.8854037 -0.6971985 0.7166392 0.01850885 -0.6975799 0.7164357 0.01010894 0.9998087 -0.01179856 -0.01559782 0.9998097 -0.0191757 0.0035941 0.9998098 -0.01917546 0.00359565 0.9998087 -0.01890712 -0.005001902 0.9998097 -0.01917552 0.003595054 0.9998097 -0.01917564 0.003594398 -0.9564178 -0.2920018 -3.00531e-4 -0.5258418 -0.8505824 0 0.9298949 -0.3642746 -0.05098634 0.9240359 -0.3820916 0.01280349 -0.0124157 0 0.9999229 -0.00259751 -0.01209193 0.9999235 -0.002598941 -0.01209157 0.9999235 0.01087683 -0.005986988 0.9999229 -0.002589881 -0.01217609 0.9999226 -0.004999041 -0.0188992 0.999809 -0.002676069 -0.01202219 0.9999242 -0.003177404 -0.01281201 0.9999129 -0.002711415 -0.01198989 0.9999246 -0.999781 -0.01728302 0.01179879 -0.999699 -0.001199722 0.0245074 -0.9997001 -0.001216053 0.02445852 -0.9981357 0.005296349 0.06080526 -0.9996988 -0.00120151 0.02451252 -0.9981386 -2.55415e-6 0.06098765 -0.9996976 0.01190739 0.02151459 -0.9996988 -0.001200497 0.02451258 -0.9997 0.02088785 0.01279264 -0.04399567 0.01510626 0.9989175 -0.006696045 0.03650325 0.9993111 -0.03651022 0.006096303 0.9993147 0.01999932 0.03493791 0.9991894 -0.006688117 0.03652083 0.9993106 -0.006693482 0.03654092 0.9993098 0.003299891 -0.02569329 0.9996645 -0.002592027 -0.01208442 0.9999237 0.001399278 0.00130856 0.9999982 -0.002600848 -0.01206803 0.9999239 -0.6719942 0.7405564 9.66668e-6 -0.8400203 0.5305365 -0.1135647 -0.7902702 0.6004967 0.121971 -1 3.13863e-7 0 -1 1.57335e-6 3.37538e-7 -1 9.60779e-7 1.80632e-7 -1 4.14008e-7 0 -1 2.85777e-7 0 -1 1.69896e-7 0 1 1.34624e-6 0 1 3.79283e-7 0 1 2.00727e-7 0 0.4088918 0.8956846 -0.1748049 0.3161296 0.9483684 0.02568274 0.774667 0.6255694 0.09248822 0.6457249 0.7635701 5.19601e-7 0.7516807 0.6389276 0.1635472 0.6958135 0.7057819 -0.1330997 0.4167891 0.8476837 -0.3282062 0.6752158 0.6860499 -0.2709599 0.7395153 0.4974776 -0.4534681 0.8480635 0.4075324 -0.3386825 -1 0 0 -1 -2.7854e-6 0 -1 2.36088e-7 0 -1 0 0 -1 0 0 -1 -1.30358e-6 0 -0.001095712 0.002509891 0.9999963 -0.0424714 -0.01910024 0.9989151 -0.01013392 0.03198182 0.9994371 0.02429461 -0.05138075 0.9983837 0.01670461 -0.06468504 0.997766 -0.01089119 0.008792698 0.9999021 -0.2390474 0.9441245 -0.2269035 -0.7838064 0.5513517 -0.2857604 -0.4172098 0.8680661 -0.2690674 0.1603827 0.9866296 -0.02897602 0.03329753 0.9892902 -0.1421135 0.1225718 0.9141049 -0.3865079 -0.4064751 0.8545394 -0.3233271 -0.6985403 0.6657189 -0.2624115 -0.8368352 0.4414973 -0.3237084 -0.8590767 0.28794 -0.4231758 0.9999821 0.005992233 5.16418e-7 0.9999818 0.004514634 0.004012703 0.9999821 0.005992233 0 0.9999821 0.005992233 0 0.9999821 0.005978941 -3.98422e-4 0.9999818 -0.004783868 -0.003686904 0.9999821 0.005992233 -1.59489e-7 0.9999821 0.005190372 0.002994537 0.9999824 0.005668401 0.001789867 0.9999821 0.005992233 2.15543e-7 0.9999818 0.005116224 -0.003210544 0.9999821 -0.00599116 9.92537e-5 0.9999821 0.005992114 0 0.9999818 0.00569874 -0.001999318 0.9999818 0.006019353 -5.01366e-4 0.9999839 0.005675673 -2.79164e-7 0.9999821 0.005298376 -0.002798974 0.9999821 -0.003595769 0.004794001 0.9999821 0.005992054 -2.84828e-7 0.9999554 -0.007548511 -0.005690276 0.9999818 0.005796074 0.001699268 0.9999815 0.005992174 -0.001099944 0.9998588 -0.01549905 0.006502449 0.9999853 0.002703905 0.004706501 -0.476493 0.5249863 0.7052261 0.06799113 0.1742821 0.9823457 -0.7008042 0.3591382 0.6163548 -0.3016178 0.3330816 0.8933551 0.05039429 0.03909409 0.997964 -0.001790821 0.002189099 0.999996 -0.001189291 0.002576112 0.999996 -0.002665877 -7.89759e-4 0.9999961 -0.002277791 -0.001594424 0.9999961 -0.001184523 0.002566397 0.999996 -2.48212e-5 0.002780377 0.9999961 -0.001278102 0.002458095 0.9999962 0 -1 -1.30293e-6 0 -1 -9.82606e-7 0 -1 -1.70406e-6 1 -7.12279e-7 -1.84982e-7 1 -8.92512e-7 -1.64162e-7 1 -1.0133e-6 0 1 -1.53062e-6 -1.41769e-7 1 -1.43384e-6 0 0 -0.6956424 0.7183883 0.01418924 -0.6853115 0.7281118 0.01230424 -0.6905155 0.7232131 -6.80128e-7 -0.6956675 0.718364 0 -0.6956624 0.718369 0.0071038 -0.6943293 0.7196224 -2.84687e-6 -1 0 1.82175e-4 -1 -5.74787e-5 4.52844e-4 -1 -6.25017e-5 9.06255e-4 -0.9999997 -1.25123e-4 -0.6118189 0.7909975 9.04243e-4 -0.6119429 0.7908886 -0.004599511 -0.7159163 0.6735204 -0.1839406 -0.611856 0.7909687 8.89869e-4 -0.7270264 0.6653471 -0.1695463 -0.6735786 0.7218454 -0.1588433 -0.002511024 0.002008616 -0.9999949 -0.001090466 0.002973914 -0.999995 0.001091122 0.002975761 -0.999995 -0.002510845 0.002008855 -0.9999949 0.003053486 -2.95408e-4 -0.9999953 0 0.003167808 -0.999995 -0.002508103 0.002006292 -0.9999949 -0.001801371 0.002601802 -0.999995 -6.97143e-4 0.003087162 -0.999995 -0.002511024 0.002008974 -0.9999948 0.003209173 1.92797e-6 -0.9999949 0.001376688 0.002852201 -0.999995 0 0.9189341 -0.3944114 0.009064793 0.9152894 -0.4026951 0.007874011 0.9170868 -0.3986101 0 0.918926 -0.3944303 2.60425e-6 0.9284191 -0.3715349 0.03229141 0.9169907 -0.3975996 -0.916702 4.83293e-6 -0.3995718 -0.9321147 -0.08766853 -0.3513922 -0.9491674 0.05849969 -0.3092879 -0.6032114 0.6409192 -0.4747198 -0.9471939 0.07970005 -0.3105992 -0.854876 0.3302673 -0.4001382 -0.3889104 0.8210568 -0.4178693 0 0.1666999 -0.9860078 0 0.1667508 -0.9859991 0.004889607 0.161899 -0.9867953 0 0.1667005 -0.9860076 -0.002485036 0.1577228 -0.9874804 0.004287064 0.164293 -0.9864023 0 0.9985041 -0.05467766 0 0.9985046 -0.0546683 -4.03115e-6 0.9985046 -0.05466848 -4.08764e-6 0.9985046 -0.05466842 -9.9375e-7 0.9985046 -0.0546683 0 0.9985044 -0.05467289 0 -0.5997648 0.8001764 1.67604e-6 -0.5997651 0.8001762 0.01217651 -0.5898925 0.80739 0 -0.5997648 0.8001764 -0.006110131 -0.5813845 0.813606 0.01051694 -0.5948104 0.8037973 0 0.9763016 0.2164143 0 0.9762998 0.2164226 0 0.9762983 0.2164297 0 0.9762977 0.2164319 0 0.9762983 0.2164296 0 0.9762982 0.2164297 0 -0.6384642 0.7696517 0.01581889 -0.626201 0.7795012 0.01367521 -0.63229 0.7746112 -7.68744e-7 -0.6384614 0.769654 0 -0.6384617 0.7696537 0.007884144 -0.6367728 0.7710112 0 0.08992475 0.9959487 -5.82251e-4 0.08976632 0.9959628 0 0.08987301 0.9959533 0 0.08982038 0.995958 0 0.0877242 0.9961449 -0.001102268 0.08879333 0.9960495 -3.08322e-7 -0.4823683 -0.8759685 -0.003211438 -0.481611 -0.8763793 0 -0.482373 -0.875966 0 -0.4823763 -0.8759641 0 -0.4710788 -0.8820912 -0.00637573 -0.4767177 -0.8790333 0 0.3769385 -0.9262384 -3.82572e-4 0.3770327 -0.9261999 0 0.3770286 -0.9262017 0 0.3770312 -0.9262006 0 0.3780939 -0.9257673 -5.73004e-4 0.3776993 -0.9259282 -5.89427e-4 0.3773526 -0.9260695 0 0.376852 -0.9262735 0 0.3769377 -0.9262387 -0.005591392 -0.4795058 -0.8775209 0 -0.4823758 -0.8759645 3.06867e-7 -0.4823676 -0.8759689 -9.75087e-4 0.08928734 0.9960054 0 0.08986651 0.9959538 5.28477e-7 0.08987629 0.995953 0 -0.6384625 0.769653 7.56974e-7 -0.6384624 0.7696531 0 -0.638462 0.7696534 0 0.9762995 0.2164244 0 0.9762988 0.2164274 0 0.9763002 0.2164211 0.006101489 -0.5984375 0.8011463 -5.81663e-7 -0.5997608 0.8001795 5.84421e-7 -0.5997624 0.8001782 0 0.9985044 -0.05467271 0 0.9985042 -0.05467718 0 0.9985046 -0.05466818 0.00249058 0.1660845 -0.9861084 -2.35342e-7 0.1667973 -0.9859913 2.39295e-7 0.1667996 -0.9859908 -0.6411432 0.6837248 -0.3485053 -0.3115964 0.8724874 -0.3763954 -0.8253225 0.4043903 -0.3940958 -0.9475374 -0.1011683 -0.3032127 -0.9167026 0 -0.3995701 -1.97626e-4 0.003161668 -0.999995 -0.002509951 0.002007901 -0.9999949 -0.002509176 0.002007246 -0.9999949 -7.90697e-4 0.003063499 -0.999995 -0.002507984 0.002006411 -0.9999949 -0.002508044 0.002006411 -0.9999949 -0.6477101 0.7578642 -0.07818895 -0.6118483 0.7909747 8.78793e-4 -0.6118292 0.7909895 9.0073e-4 9.33653e-5 -1 1.24658e-4 0 -1 3.06577e-4 0 -0.6956922 0.7183401 6.85656e-7 -0.6957114 0.7183215 0 -0.6957176 0.7183156 1 -1.65605e-6 0 -0.002094686 0.001795351 0.9999962 -0.001096367 0.002591133 0.9999961 -0.001183152 0.002563953 0.999996 0.9999821 0.005992233 0 0.9999821 0 0.005992233 0.9999821 0.005992233 0 -0.8317738 0.4346641 -0.3452817 -0.7458134 0.5167641 -0.4203774 -0.4940746 0.7514958 -0.4372008 -0.1294825 0.8908231 -0.4355096 0.3553336 0.8152297 -0.4573168 0.2246535 0.9744387 -9.83164e-5 -0.1742869 0.9396033 0.2945669 -0.3621662 0.9321135 3.26435e-6 -0.6909304 0.7219793 -0.03689575 -0.002109348 0.001807808 0.9999963 -0.001085281 0.002379059 0.9999967 -0.001185178 0.002568006 0.999996 0.01130169 -0.01670706 0.9997966 0.01418977 -0.03048849 0.9994344 -0.01090604 -0.006796181 0.9999175 -0.001091361 0.002409815 0.9999966 -0.06010127 0.01850652 0.9980207 -0.001132786 0.002395749 0.9999965 0.7285409 0.5523011 -0.4052056 0.726303 0.5301722 -0.4374947 0.6328962 0.7742368 -1.20555e-4 -1 2.62008e-6 4.72527e-7 -1 2.62562e-6 5.22538e-7 -1 2.68265e-6 5.22523e-7 -1 4.59431e-7 0 -1 0 0 -1 -3.85519e-6 0 -1 -1.30714e-7 0 -1 -3.89964e-7 0 0.4416399 0.8971924 0 0.4416425 0.8971912 0 0.5337085 0.838604 0.1090821 0.4416394 0.8971927 0 0.6133893 0.7878916 -0.05459499 0.4876412 0.8679189 0.09446072 -0.9530982 0.3026614 2.70423e-5 -0.9621611 0.26339 -0.06979793 -0.9555109 0.2921907 -0.04029572 -0.9530994 0.3026576 -3.86826e-6 -0.9555106 0.2921922 -0.04028904 -0.9530996 0.302657 0 0.9154829 0.4023571 0 0.9154834 0.4023557 0 0.9511995 0.2818367 0.125649 0.9154856 0.4023508 0 0.9821224 0.1774289 -0.06288599 0.9333422 0.3420845 0.1088605 -0.3924072 0.9197917 4.9514e-6 -0.4377241 0.8946167 -0.08977007 -0.4046413 0.913008 -0.05178773 -0.3924166 0.9197877 -4.97486e-6 -0.4046419 0.9130076 -0.05178779 -0.3924165 0.9197877 0 2.23585e-6 0.00921148 -0.9999576 -0.005802333 0.01249885 -0.9999051 -0.003306388 0.01008951 -0.9999437 -3.15225e-7 0.009307265 -0.9999568 0.0066154 0.01587092 -0.9998522 2.84511e-7 0.00920844 -0.9999577 0 -0.002008974 0.999998 0 -0.001963257 0.9999981 0.001965463 2.39114e-7 0.9999981 0 -0.001961052 0.9999981 -9.97604e-4 0.001695632 0.9999981 0.001693069 -9.96061e-4 0.9999981 -8.37259e-7 0.00920403 -0.9999577 0.007909893 0.004706084 -0.9999577 0.002396047 0.008787333 -0.9999585 4.72181e-7 0.00920397 -0.9999577 -0.004843592 -0.007707595 -0.9999586 8.89019e-6 0.00920397 -0.9999577 0 0.00920403 -0.9999577 -0.008087277 0.004293024 -0.9999581 0.00486201 0.007707536 -0.9999586 8.19063e-6 0.00920397 -0.9999577 0.00485289 -0.007707655 -0.9999585 0.00920403 0 -0.9999577 4.01866e-7 0.00920397 -0.9999577 -2.66877e-5 -0.00920403 -0.9999577 0.007476329 -0.005283415 -0.9999581 -0.00160259 0.009017586 -0.9999581 1 4.50256e-7 0 1 0 0 1 1.22339e-6 0 1 -3.37467e-6 0 1 2.68689e-7 0 1 5.94994e-7 0 1 -3.89965e-7 0 1 -3.78313e-6 0 1 3.66425e-6 0 0 -0.001965463 0.9999981 -0.001471817 -0.001373827 0.999998 8.78874e-4 0.001757979 0.9999981 -1.82115e-7 -0.001965403 0.9999981 -0.001969993 -9.83814e-5 0.9999981 -4.79499e-6 -0.002061307 0.999998 1.39646e-7 -0.001965463 0.9999981 -9.00533e-4 -0.001800775 0.999998 0.001650094 0.001067817 0.9999981 0 -0.002061307 0.999998 -0.001650035 -0.001067817 0.9999981 9.96629e-4 -0.001694023 0.9999981 4.31319e-7 -0.001965284 0.9999981 -0.001987516 -1.98579e-4 0.9999981 0.001763284 -9.79728e-4 0.999998 6.98086e-4 -0.001894354 0.999998 0.03901189 0.9992387 -3.74248e-6 0 0.9975751 -0.06959813 0 0.9874356 -0.1580223 -2.98646e-5 0.916337 -0.4004079 0.07997512 0.9670344 -0.2417615 0 0.9487775 -0.3159451 0.07719969 0.8797159 -0.469191 0 0.9234969 -0.3836059 0 0.9487691 -0.3159704 0 0.9964064 -0.08470135 0.08297896 0.9667965 -0.2417004 1.19813e-6 0.9874351 -0.1580258 -0.04810923 0.9988421 2.91075e-6 3.29541e-6 1 2.73121e-6 3.43636e-6 1 3.09736e-6 2.10297e-6 1 0 0.001667439 -0.001078605 0.999998 4.42553e-7 -0.001965224 0.9999981 0 -0.002061307 0.999998 0.001991093 -2.98685e-4 0.999998 0 -0.002013385 0.999998 1 -3.21503e-6 0 1 9.47879e-7 0 1 -4.56742e-6 0 1 4.76807e-7 0 1 1.44168e-6 0 0.006610274 0.006309807 -0.9999583 2.1622e-7 0.009203851 -0.9999577 5.4948e-7 0.00920403 -0.9999577 0.006291925 0.006590962 -0.9999586 0 0.00920403 -0.9999577 0 -0.002013385 0.999998 0 -0.001965463 0.9999981 -0.006663084 0.0158987 -0.9998515 9.58098e-7 0.009205639 -0.9999577 0 0.00920546 -0.9999577 -0.4830282 0.8694543 -0.1036004 -0.3924165 0.9197876 0 -0.3924105 0.9197903 0 0.9202773 0.3861791 0.06289345 0.9154863 0.4023492 -4.21765e-5 0.9154841 0.4023543 6.03314e-6 -0.9712309 0.2240879 -0.08059275 -0.9530995 0.3026575 0 -0.9530999 0.3026561 0 0.4538993 0.8893791 0.05459159 0.4416329 0.8971959 -5.21098e-6 0.4416434 0.8971908 5.23567e-6 -1 2.68689e-7 0 -1 2.54143e-7 0 -1 1.44168e-6 0 0 -0.9704396 -0.2413444 0 -0.9704399 -0.2413429 0.001677811 -0.970843 -0.2397106 -1.4163e-7 -0.9704399 -0.2413428 0.001626849 -0.9708424 -0.2397136 0.00146681 -0.9706496 -0.2404936 0 1 3.35569e-4 -0.8944234 0.1951234 -0.40241 -0.9557046 -0.1509517 0.2526705 -0.981369 -0.1479513 -0.1225789 -0.7037634 -0.2959739 0.6458457 -0.7437281 0.0777474 0.6639457 0.07239413 -0.3978141 0.9146054 -0.003594398 -0.5827214 0.8126641 0.6130269 -0.3838804 0.6905316 0.7819667 -0.4185173 0.4619214 0.9964791 0.04147535 -0.07286423 0.7070555 0.007319986 0.7071202 0.6666538 0.0315867 0.744698 0.9992629 0.01258993 0.03626596 0.9941473 0.05168443 0.094868 0.835432 0.09440648 -0.5414249 0.08838349 -0.4363979 -0.8954024 0.6942132 -0.3797764 -0.611423 -0.8225215 0.1002776 -0.5598241 -0.7654968 -0.1511521 -0.6254342 0.05859833 0.01400083 -0.9981836 -0.4472197 -0.3427619 -0.8261409 -0.9724377 0 -0.2331634 -0.8943715 0.007665932 0.4472594 -0.9881469 0.06517463 -0.1389903 -0.7508925 -0.1838899 0.6343068 -0.002121925 0.009508788 0.9999526 -0.04588985 -0.001592218 0.9989453 -0.7138412 -0.2963055 0.6345344 -0.7060036 -0.542698 0.4550142 -0.08556038 -0.2847183 0.9547853 -0.9967665 -0.07649457 -0.02460247 -0.9966145 0.06200033 -0.0539965 -0.54809 0.2731756 -0.7905519 0.7070792 0.3086197 -0.6362333 0.05400288 0.4232104 -0.9044207 0.01569819 0.3830977 -0.9235745 0.6939966 0.3859509 -0.6077917 0.7607876 -0.3635807 0.5375978 0.9974192 0.06445264 0.03163504 0.996755 0.07699161 -0.0234965 0.6608121 -0.1009995 0.7437247 -0.4472438 -0.145965 0.8824213 0.2260248 -0.1589729 0.9610622 0.1124679 -0.05361735 0.9922078 0.7070629 -0.1152015 0.697704 0.9998181 0.002697765 -0.01888656 0.1389538 -0.3795023 -0.9146966 0.7070804 -0.2722917 -0.6526061 -1.60841e-7 1 3.35569e-4 7.95818e-4 -0.9705017 -0.2410928 0 -0.9704397 -0.241344 0 -0.9704636 -0.2412478 0 -0.5290017 0.8486208 0 -0.5290037 0.8486196 0.004793763 -0.5248776 0.8511644 0 -0.5290029 0.84862 0.004793763 -0.5248825 0.8511612 0.004212558 -0.5269138 0.8499083 0 1 0 0 1 0 -1 -2.91644e-7 0 -1 -1.89747e-7 0 -1 4.45979e-7 3.18034e-7 -1 8.85052e-7 6.0631e-7 -1 4.08235e-7 3.06713e-7 -1 9.24852e-7 6.17985e-7 -1 0 0 -1 1.48426e-7 0 -1 2.17855e-7 3.46171e-7 -1 9.59135e-7 2.68731e-7 -1 0 0 -1 4.93416e-7 -6.21415e-7 -1 2.47028e-7 0 -1 2.47816e-7 0 -1 0 -3.87168e-7 -1 -1.96505e-7 -1.07669e-6 -1 0 -6.1838e-7 -1 0 -6.90031e-7 -1 5.08784e-7 -8.42845e-7 -1 0 -3.31011e-7 -1 1.34937e-7 -4.75979e-7 -1 -1.30706e-7 0 -1 0 0 -1 0 0 0 0.76822 0.640186 0 0.768221 0.6401847 0 0.7682207 0.6401852 0 0.7682209 0.6401849 -0.01629829 0.7681192 0.6400995 0 0.747999 0.6636999 0 0.7278705 0.6857146 0 0.6627767 0.7488172 0.03060281 0.7057802 0.7077696 0 0.684777 0.7287527 -0.0421732 0.6374517 0.7693353 0 0.5977772 0.8016623 0 0.5620791 0.8270835 0 0.4400683 0.8979643 0.04920268 0.519599 0.8529924 0 0.4789155 0.877861 -0.05438321 0.3909747 0.9187934 2.29402e-7 0.3331259 0.9428824 0 0.2884994 0.9574801 -4.21841e-6 0.1336048 0.9910348 0.05617851 0.2366293 0.9699746 -5.27472e-6 0.1803311 0.983606 0.03388452 0.07609957 0.9965244 0 0.07109832 0.9974694 5.95157e-7 -0.7494627 -0.6620467 -0.001583099 -0.7488844 -0.6626988 -8.90735e-4 -0.7493042 -0.6622254 0 -0.7494955 -0.6620095 -0.009100914 -0.7585951 -0.6514987 0 -0.7271584 -0.6864697 1.24819e-5 -0.7021984 -0.7119814 0 -0.6237068 -0.7816584 -0.0342797 -0.6755101 -0.7365536 0 -0.6513649 -0.7587648 0.03618556 -0.5959321 -0.8022192 0 -0.5653038 -0.8248829 0 -0.5290537 -0.8485884 0 -0.4169908 -0.9089107 -0.04158073 -0.4912427 -0.8700298 1.59858e-6 -0.4561866 -0.8898842 0.03901189 -0.3790643 -0.9245476 0 -0.3414373 -0.9399046 0 -0.3010966 -0.9535937 0 -0.1770014 -0.9842106 -0.04229885 -0.2602784 -0.9646067 0 -0.2187298 -0.9757855 -0.01068973 -0.1559847 -0.9877017 0.001920044 -0.1364939 -0.9906392 1 -5.89718e-7 -6.06309e-7 1 -3.34168e-7 -3.06712e-7 1 -4.24044e-7 -3.18033e-7 1 -5.4233e-7 -6.17985e-7 1 -3.8462e-7 -3.46171e-7 1 0 0 1 -7.2305e-7 -2.68731e-7 1 -6.58115e-7 7.18176e-7 1 -2.93727e-7 0 1 0 0 1 0 4.83959e-7 1 0 0 1 0 1.34586e-6 1 0 8.62539e-7 1 0 7.72975e-7 1 -1.05831e-6 1.05356e-6 1 -3.72075e-7 5.94975e-7 1 -5.59203e-7 4.13765e-7 1 -6.55138e-7 0 1 -4.2253e-7 1.34193e-7 1 -9.10037e-7 4.04597e-7 1 -2.26939e-7 4.08489e-7 1 -9.85711e-7 0 0.001187205 -0.1356158 -0.9907608 -1.03326e-6 -0.1354315 -0.9907867 0 -0.1353365 -0.9907998 0.004985392 0.07619845 0.9970803 0 0.07109737 0.9974694 0 0.07109743 0.9974695 -1 0 0 -1 -3.50751e-7 0 0 1 -2.49556e-6 1.76886e-7 1 3.32752e-4 0 1 -2.3053e-6 0.002385616 -0.5283754 0.8490076 -2.33354e-7 -0.5290046 0.8486191 2.30661e-7 -0.5290042 0.8486193 -0.135171 -0.9907218 0.01410973 -0.2630075 -0.9642361 -0.03279912 0.3379118 -0.9363483 -0.0952242 0.7712184 -0.6091302 -0.1848856 0.6839578 -0.6218595 -0.381435 -0.007046461 -0.9756215 -0.2193471 -0.1410822 -0.9879065 0.06431674 -0.4556699 -0.8655952 0.2076295 -0.09080499 -0.9905654 0.1026387 -0.2557529 -0.948027 0.1893023</float_array>
          <technique_common>
            <accessor source="#v_ak47_body2_model0-mesh-normals-array" count="1422" stride="3">
              <param name="X" type="float"/>
              <param name="Y" type="float"/>
              <param name="Z" type="float"/>
            </accessor>
          </technique_common>
        </source>
        <source id="v_ak47_body2_model0-mesh-map-0">
          <float_array id="v_ak47_body2_model0-mesh-map-0-array" count="11076">0.968504 0.555556 0.976378 0.293651 0.968504 0.555556 0.968504 0.555556 0.976378 0.293651 0.976378 0.293651 0.598425 0.507937 0.783464 0.531747 0.791338 0.269841 0.984252 0.03174597 0.976378 0.293651 0.791338 0.269841 0.598425 0.507937 0.307086 0.579365 0.791338 0.269841 0.01574796 0.650794 0.01968497 0.325397 0.5 0.34127 0.984252 0.03174597 0.503937 0.01587295 0.984252 0.03174597 0.02362197 0 0.02362197 0 0.503937 0.01587295 0.984252 0.03174597 0.503937 0.01587295 0.5 0.34127 0.01574796 0.650794 0.307086 0.579365 0.5 0.34127 0.496063 0.650794 0.547244 0.579365 0.255906 0.650794 0.496063 0.650794 0.255906 0.650794 0.547244 0.579365 0.02362197 0 0.01968497 0.325397 0.02362197 0 0.02362197 0 0.01968497 0.325397 0.01968497 0.325397 0.992126 0.984127 0.834646 0.984127 0.992126 0.880952 0.992126 0.777778 0.834646 0.880952 0.834646 0.777778 0.677165 0.984127 0.570866 0.984127 0.677165 0.880952 0.677165 0.777778 0.570866 0.880952 0.570866 0.777778 0.464567 0.984127 0.236221 0.984127 0.464567 0.880952 0.464567 0.777778 0.236221 0.880952 0.236221 0.777778 0.236221 0.777778 0.007873952 0.880952 0.007873952 0.777778 0.236221 0.777778 0.236221 0.880952 0.007873952 0.880952 0.236221 0.880952 0.007873952 0.984127 0.007873952 0.880952 0.464567 0.880952 0.236221 0.880952 0.464567 0.777778 0.464567 0.880952 0.236221 0.984127 0.236221 0.880952 0.236221 0.984127 0.007873952 0.984127 0.236221 0.880952 0.570866 0.777778 0.464567 0.880952 0.464567 0.777778 0.570866 0.777778 0.570866 0.880952 0.464567 0.880952 0.570866 0.880952 0.464567 0.984127 0.464567 0.880952 0.677165 0.880952 0.570866 0.880952 0.677165 0.777778 0.677165 0.880952 0.570866 0.984127 0.570866 0.880952 0.570866 0.984127 0.464567 0.984127 0.570866 0.880952 0.834646 0.777778 0.677165 0.880952 0.677165 0.777778 0.834646 0.777778 0.834646 0.880952 0.677165 0.880952 0.834646 0.880952 0.677165 0.984127 0.677165 0.880952 0.992126 0.880952 0.834646 0.880952 0.992126 0.777778 0.992126 0.880952 0.834646 0.984127 0.834646 0.880952 0.834646 0.984127 0.677165 0.984127 0.834646 0.880952 0.01968497 0.325397 0.01574796 0.650794 0.01574796 0.650794 0.01968497 0.325397 0.01968497 0.325397 0.01574796 0.650794 0.01968497 0.325397 0.01574796 0.650794 0.01574796 0.650794 0.02362197 0 0.01968497 0.325397 0.02362197 0 0.02362197 0 0.01968497 0.325397 0.01968497 0.325397 0.01968497 0.325397 0.01574796 0.650794 0.01968497 0.325397 0.547244 0.579365 0.307086 0.579365 0.598425 0.507937 0.547244 0.579365 0.255906 0.650794 0.307086 0.579365 0.255906 0.650794 0.01574796 0.650794 0.307086 0.579365 0.255906 0.650794 0.307086 0.579365 0.01574796 0.650794 0.255906 0.650794 0.547244 0.579365 0.307086 0.579365 0.547244 0.579365 0.598425 0.507937 0.307086 0.579365 0.5 0.34127 0.791338 0.269841 0.984252 0.03174597 0.5 0.34127 0.307086 0.579365 0.791338 0.269841 0.307086 0.579365 0.598425 0.507937 0.791338 0.269841 0.5 0.34127 0.01968497 0.325397 0.01574796 0.650794 0.5 0.34127 0.503937 0.01587295 0.01968497 0.325397 0.503937 0.01587295 0.02362197 0 0.01968497 0.325397 0.503937 0.01587295 0.503937 0.01587295 0.984252 0.03174597 0.503937 0.01587295 0.02362197 0 0.503937 0.01587295 0.02362197 0 0.02362197 0 0.503937 0.01587295 0.984252 0.03174597 0.503937 0.01587295 0.984252 0.03174597 0.984252 0.03174597 0.503937 0.01587295 0.503937 0.01587295 0.503937 0.01587295 0.02362197 0 0.503937 0.01587295 0.5 0.34127 0.503937 0.01587295 0.984252 0.03174597 0.5 0.34127 0.01968497 0.325397 0.503937 0.01587295 0.01968497 0.325397 0.02362197 0 0.503937 0.01587295 0.791338 0.269841 0.5 0.34127 0.984252 0.03174597 0.791338 0.269841 0.307086 0.579365 0.5 0.34127 0.307086 0.579365 0.01574796 0.650794 0.5 0.34127 0.791338 0.269841 0.783464 0.531747 0.598425 0.507937 0.791338 0.269841 0.976378 0.293651 0.783464 0.531747 0.976378 0.293651 0.968504 0.555556 0.783464 0.531747 0.791338 0.269841 0.976378 0.293651 0.984252 0.03174597 0.791338 0.269841 0.783464 0.531747 0.976378 0.293651 0.783464 0.531747 0.968504 0.555556 0.976378 0.293651 0.976378 0.293651 0.984252 0.03174597 0.984252 0.03174597 0.976378 0.293651 0.976378 0.293651 0.984252 0.03174597 0.976378 0.293651 0.984252 0.03174597 0.984252 0.03174597 0.968504 0.555556 0.976378 0.293651 0.968504 0.555556 0.968504 0.555556 0.976378 0.293651 0.976378 0.293651 0.976378 0.293651 0.984252 0.03174597 0.976378 0.293651 0.490196 0.637795 0.517647 0.637795 0.545098 0.637795 0.058824 0.472441 0.205883 0.452756 0.05686295 0.452756 0.058824 0.472441 0.164706 0.472441 0.205883 0.452756 0.352941 0.433071 0.311765 0.452756 0.352941 0.65748 0.270588 0.472441 0.270588 0.677166 0.311765 0.677166 0.909804 0.401575 0.470589 0.204725 0.460784 0.401575 0.909804 0.401575 0.952941 0.200787 0.470589 0.204725 0.909804 0.401575 0.952941 0.5 0.952941 0.200787 0.909804 0.401575 0.909804 0.5 0.952941 0.5 0.490196 0.433071 0.545098 0.433071 0.517647 0.433071 0.909804 0.401575 0.952941 0.5 0.909804 0.5 0.909804 0.401575 0.952941 0.200787 0.952941 0.5 0.909804 0.401575 0.470589 0.204725 0.952941 0.200787 0.909804 0.401575 0.460784 0.401575 0.470589 0.204725 0.490196 0.637795 0.545098 0.637795 0.490196 0.535433 0.490196 0.433071 0.545098 0.535433 0.545098 0.433071 0.6 0.637795 0.572549 0.637795 0.6 0.535433 0.6 0.433071 0.572549 0.535433 0.572549 0.433071 0.545098 0.637795 0.517647 0.637795 0.545098 0.535433 0.545098 0.433071 0.517647 0.535433 0.517647 0.433071 0.882353 0.433071 0.74902 0.433071 0.882353 0.586614 0.882353 0.740157 0.74902 0.586614 0.74902 0.740157 0.882353 0.433071 0.882353 0.586614 0.74902 0.433071 0.615686 0.433071 0.74902 0.586614 0.615686 0.586614 0.882353 0.740157 0.882353 0.586614 0.882353 0.740157 0.882353 0.740157 0.882353 0.586614 0.882353 0.586614 0.882353 0.433071 0.74902 0.433071 0.882353 0.433071 0.882353 0.433071 0.74902 0.433071 0.74902 0.433071 0.615686 0.433071 0.615686 0.586614 0.615686 0.433071 0.615686 0.433071 0.615686 0.586614 0.615686 0.586614 0.615686 0.740157 0.74902 0.740157 0.615686 0.740157 0.615686 0.740157 0.74902 0.740157 0.74902 0.740157 0.352941 0.88189 0.352941 0.65748 0.352941 0.88189 0.352941 0.88189 0.352941 0.65748 0.352941 0.65748 0.352941 0.433071 0.203921 0.433071 0.352941 0.433071 0.352941 0.433071 0.203921 0.433071 0.203921 0.433071 0.05490195 0.433071 0.05686295 0.452756 0.05490195 0.433071 0.05490195 0.433071 0.05686295 0.452756 0.05686295 0.452756 0.058824 0.472441 0.164706 0.472441 0.033333 0.551181 0.007842957 0.629921 0.139215 0.551181 0.113725 0.633858 0.270588 0.472441 0.270588 0.677166 0.2450979 0.555118 0.219608 0.637795 0.2450979 0.759843 0.219608 0.807086 0.270588 0.88189 0.311765 0.88189 0.270588 0.88189 0.270588 0.88189 0.311765 0.88189 0.311765 0.88189 0.03137296 0.007873952 0.02156895 0.204725 0.03137296 0.007873952 0.03137296 0.007873952 0.02156895 0.204725 0.02156895 0.204725 0.011765 0.401575 0.460784 0.401575 0.011765 0.401575 0.011765 0.401575 0.460784 0.401575 0.460784 0.401575 0.909804 0.401575 0.909804 0.5 0.909804 0.401575 0.909804 0.401575 0.909804 0.5 0.909804 0.5 0.909804 0.598425 0.952941 0.598425 0.909804 0.598425 0.909804 0.598425 0.952941 0.598425 0.952941 0.598425 0.996078 0.598425 0.996078 0.299212 0.996078 0.598425 0.996078 0.598425 0.996078 0.299212 0.996078 0.299212 0.996078 0 0.513726 0.003936946 0.996078 0 0.996078 0 0.513726 0.003936946 0.513726 0.003936946 0.05490195 0.433071 0.203921 0.433071 0.05686295 0.452756 0.058824 0.472441 0.205883 0.452756 0.164706 0.472441 0.352941 0.433071 0.352941 0.65748 0.311765 0.452756 0.270588 0.472441 0.311765 0.677166 0.270588 0.677166 0.270588 0.677166 0.311765 0.88189 0.270588 0.88189 0.270588 0.677166 0.311765 0.677166 0.311765 0.88189 0.311765 0.677166 0.352941 0.88189 0.311765 0.88189 0.311765 0.452756 0.311765 0.677166 0.270588 0.472441 0.311765 0.452756 0.352941 0.65748 0.311765 0.677166 0.352941 0.65748 0.352941 0.88189 0.311765 0.677166 0.164706 0.472441 0.311765 0.452756 0.270588 0.472441 0.164706 0.472441 0.205883 0.452756 0.311765 0.452756 0.205883 0.452756 0.352941 0.433071 0.311765 0.452756 0.05686295 0.452756 0.205883 0.452756 0.058824 0.472441 0.05686295 0.452756 0.203921 0.433071 0.205883 0.452756 0.203921 0.433071 0.352941 0.433071 0.205883 0.452756 0.513726 0.003936946 0.03137296 0.007873952 0.03137296 0.007873952 0.513726 0.003936946 0.513726 0.003936946 0.03137296 0.007873952 0.513726 0.003936946 0.03137296 0.007873952 0.03137296 0.007873952 0.996078 0 0.785049 0.001721978 0.754902 0.001967966 0.724755 0.002214968 0.754902 0.001967966 0.785049 0.001721978 0.513726 0.003936946 0.03137296 0.007873952 0.513726 0.003936946 0.996078 0.299212 0.996078 0 0.996078 0 0.996078 0.299212 0.996078 0.299212 0.996078 0 0.996078 0.299212 0.996078 0 0.996078 0 0.996078 0.598425 0.996078 0.299212 0.996078 0.598425 0.996078 0.598425 0.996078 0.299212 0.996078 0.299212 0.996078 0.299212 0.996078 0 0.996078 0.299212 0.952941 0.598425 0.996078 0.598425 0.996078 0.598425 0.952941 0.598425 0.952941 0.598425 0.996078 0.598425 0.952941 0.598425 0.996078 0.598425 0.996078 0.598425 0.909804 0.598425 0.952941 0.598425 0.909804 0.598425 0.909804 0.598425 0.952941 0.598425 0.952941 0.598425 0.952941 0.598425 0.996078 0.598425 0.952941 0.598425 0.909804 0.5 0.909804 0.598425 0.909804 0.598425 0.909804 0.5 0.909804 0.5 0.909804 0.598425 0.909804 0.5 0.909804 0.598425 0.909804 0.598425 0.909804 0.401575 0.909804 0.5 0.909804 0.401575 0.909804 0.401575 0.909804 0.5 0.909804 0.5 0.909804 0.5 0.909804 0.598425 0.909804 0.5 0.460784 0.401575 0.909804 0.401575 0.909804 0.401575 0.460784 0.401575 0.460784 0.401575 0.909804 0.401575 0.460784 0.401575 0.909804 0.401575 0.909804 0.401575 0.011765 0.401575 0.460784 0.401575 0.011765 0.401575 0.011765 0.401575 0.460784 0.401575 0.460784 0.401575 0.460784 0.401575 0.909804 0.401575 0.460784 0.401575 0.02156895 0.204725 0.011765 0.401575 0.011765 0.401575 0.02156895 0.204725 0.02156895 0.204725 0.011765 0.401575 0.02156895 0.204725 0.011765 0.401575 0.011765 0.401575 0.03137296 0.007873952 0.02156895 0.204725 0.03137296 0.007873952 0.03137296 0.007873952 0.02156895 0.204725 0.02156895 0.204725 0.02156895 0.204725 0.011765 0.401575 0.02156895 0.204725 0.311765 0.88189 0.352941 0.88189 0.352941 0.88189 0.311765 0.88189 0.311765 0.88189 0.352941 0.88189 0.311765 0.88189 0.352941 0.88189 0.352941 0.88189 0.270588 0.88189 0.311765 0.88189 0.270588 0.88189 0.270588 0.88189 0.311765 0.88189 0.311765 0.88189 0.311765 0.88189 0.352941 0.88189 0.311765 0.88189 0.219608 0.807086 0.2450979 0.929134 0.219608 0.976378 0.219608 0.807086 0.2450979 0.759843 0.2450979 0.929134 0.2450979 0.759843 0.270588 0.88189 0.2450979 0.929134 0.2450979 0.555118 0.2450979 0.759843 0.219608 0.637795 0.2450979 0.555118 0.270588 0.677166 0.2450979 0.759843 0.270588 0.677166 0.270588 0.88189 0.2450979 0.759843 0.113725 0.633858 0.2450979 0.555118 0.219608 0.637795 0.113725 0.633858 0.139215 0.551181 0.2450979 0.555118 0.139215 0.551181 0.270588 0.472441 0.2450979 0.555118 0.033333 0.551181 0.139215 0.551181 0.007842957 0.629921 0.033333 0.551181 0.164706 0.472441 0.139215 0.551181 0.164706 0.472441 0.270588 0.472441 0.139215 0.551181 0.05686295 0.452756 0.058824 0.472441 0.058824 0.472441 0.05686295 0.452756 0.05686295 0.452756 0.058824 0.472441 0.05686295 0.452756 0.058824 0.472441 0.058824 0.472441 0.05490195 0.433071 0.05686295 0.452756 0.05490195 0.433071 0.05490195 0.433071 0.05686295 0.452756 0.05686295 0.452756 0.05686295 0.452756 0.058824 0.472441 0.05686295 0.452756 0.203921 0.433071 0.05490195 0.433071 0.05490195 0.433071 0.203921 0.433071 0.203921 0.433071 0.05490195 0.433071 0.203921 0.433071 0.05490195 0.433071 0.05490195 0.433071 0.352941 0.433071 0.203921 0.433071 0.352941 0.433071 0.352941 0.433071 0.203921 0.433071 0.203921 0.433071 0.203921 0.433071 0.05490195 0.433071 0.203921 0.433071 0.352941 0.65748 0.352941 0.433071 0.352941 0.433071 0.352941 0.65748 0.352941 0.65748 0.352941 0.433071 0.352941 0.65748 0.352941 0.433071 0.352941 0.433071 0.352941 0.88189 0.352941 0.65748 0.352941 0.88189 0.352941 0.88189 0.352941 0.65748 0.352941 0.65748 0.352941 0.65748 0.352941 0.433071 0.352941 0.65748 0.74902 0.740157 0.882353 0.740157 0.882353 0.740157 0.74902 0.740157 0.74902 0.740157 0.882353 0.740157 0.74902 0.740157 0.882353 0.740157 0.882353 0.740157 0.615686 0.740157 0.74902 0.740157 0.615686 0.740157 0.615686 0.740157 0.74902 0.740157 0.74902 0.740157 0.74902 0.740157 0.882353 0.740157 0.74902 0.740157 0.615686 0.586614 0.615686 0.740157 0.615686 0.740157 0.615686 0.586614 0.615686 0.586614 0.615686 0.740157 0.615686 0.586614 0.615686 0.740157 0.615686 0.740157 0.615686 0.433071 0.615686 0.586614 0.615686 0.433071 0.615686 0.433071 0.615686 0.586614 0.615686 0.586614 0.615686 0.586614 0.615686 0.740157 0.615686 0.586614 0.74902 0.433071 0.615686 0.433071 0.615686 0.433071 0.74902 0.433071 0.74902 0.433071 0.615686 0.433071 0.74902 0.433071 0.615686 0.433071 0.615686 0.433071 0.882353 0.433071 0.74902 0.433071 0.882353 0.433071 0.882353 0.433071 0.74902 0.433071 0.74902 0.433071 0.74902 0.433071 0.615686 0.433071 0.74902 0.433071 0.882353 0.586614 0.882353 0.433071 0.882353 0.433071 0.882353 0.586614 0.882353 0.586614 0.882353 0.433071 0.882353 0.586614 0.882353 0.433071 0.882353 0.433071 0.882353 0.740157 0.882353 0.586614 0.882353 0.740157 0.882353 0.740157 0.882353 0.586614 0.882353 0.586614 0.882353 0.586614 0.882353 0.433071 0.882353 0.586614 0.615686 0.586614 0.74902 0.740157 0.615686 0.740157 0.615686 0.586614 0.74902 0.586614 0.74902 0.740157 0.74902 0.586614 0.882353 0.740157 0.74902 0.740157 0.74902 0.433071 0.74902 0.586614 0.615686 0.433071 0.74902 0.433071 0.882353 0.586614 0.74902 0.586614 0.882353 0.586614 0.882353 0.740157 0.74902 0.586614 0.74902 0.740157 0.615686 0.586614 0.615686 0.740157 0.74902 0.740157 0.74902 0.586614 0.615686 0.586614 0.74902 0.586614 0.615686 0.433071 0.615686 0.586614 0.882353 0.586614 0.74902 0.586614 0.882353 0.740157 0.882353 0.586614 0.74902 0.433071 0.74902 0.586614 0.74902 0.433071 0.615686 0.433071 0.74902 0.586614 0.517647 0.433071 0.490196 0.535433 0.490196 0.433071 0.517647 0.433071 0.517647 0.535433 0.490196 0.535433 0.517647 0.535433 0.490196 0.637795 0.490196 0.535433 0.545098 0.535433 0.517647 0.535433 0.545098 0.433071 0.545098 0.535433 0.517647 0.637795 0.517647 0.535433 0.517647 0.637795 0.490196 0.637795 0.517647 0.535433 0.572549 0.433071 0.545098 0.535433 0.545098 0.433071 0.572549 0.433071 0.572549 0.535433 0.545098 0.535433 0.572549 0.535433 0.545098 0.637795 0.545098 0.535433 0.6 0.535433 0.572549 0.535433 0.6 0.433071 0.6 0.535433 0.572549 0.637795 0.572549 0.535433 0.572549 0.637795 0.545098 0.637795 0.572549 0.535433 0.545098 0.433071 0.6 0.535433 0.6 0.433071 0.545098 0.433071 0.545098 0.535433 0.6 0.535433 0.545098 0.535433 0.6 0.637795 0.6 0.535433 0.490196 0.535433 0.545098 0.535433 0.490196 0.433071 0.490196 0.535433 0.545098 0.637795 0.545098 0.535433 0.545098 0.637795 0.6 0.637795 0.545098 0.535433 0.470589 0.204725 0.02156895 0.204725 0.03137296 0.007873952 0.470589 0.204725 0.460784 0.401575 0.02156895 0.204725 0.460784 0.401575 0.011765 0.401575 0.02156895 0.204725 0.952941 0.200787 0.513726 0.003936946 0.996078 0 0.952941 0.200787 0.470589 0.204725 0.513726 0.003936946 0.470589 0.204725 0.03137296 0.007873952 0.513726 0.003936946 0.952941 0.5 0.996078 0.299212 0.996078 0.598425 0.952941 0.5 0.952941 0.200787 0.996078 0.299212 0.952941 0.200787 0.996078 0 0.996078 0.299212 0.909804 0.5 0.952941 0.598425 0.909804 0.598425 0.909804 0.5 0.952941 0.5 0.952941 0.598425 0.952941 0.5 0.996078 0.598425 0.952941 0.598425 0.517647 0.433071 0.572549 0.433071 0.545098 0.433071 0.517647 0.433071 0.545098 0.433071 0.572549 0.433071 0.545098 0.433071 0.6 0.433071 0.572549 0.433071 0.952941 0.5 0.952941 0.598425 0.996078 0.598425 0.952941 0.5 0.909804 0.5 0.952941 0.598425 0.909804 0.5 0.909804 0.598425 0.952941 0.598425 0.952941 0.200787 0.996078 0.299212 0.996078 0 0.952941 0.200787 0.952941 0.5 0.996078 0.299212 0.952941 0.5 0.996078 0.598425 0.996078 0.299212 0.470589 0.204725 0.513726 0.003936946 0.03137296 0.007873952 0.470589 0.204725 0.952941 0.200787 0.513726 0.003936946 0.952941 0.200787 0.996078 0 0.513726 0.003936946 0.460784 0.401575 0.02156895 0.204725 0.011765 0.401575 0.460784 0.401575 0.470589 0.204725 0.02156895 0.204725 0.470589 0.204725 0.03137296 0.007873952 0.02156895 0.204725 0.311765 0.677166 0.311765 0.88189 0.352941 0.88189 0.311765 0.677166 0.270588 0.677166 0.311765 0.88189 0.270588 0.677166 0.270588 0.88189 0.311765 0.88189 0.352941 0.65748 0.311765 0.677166 0.352941 0.88189 0.352941 0.65748 0.311765 0.452756 0.311765 0.677166 0.311765 0.452756 0.270588 0.472441 0.311765 0.677166 0.205883 0.452756 0.311765 0.452756 0.352941 0.433071 0.205883 0.452756 0.164706 0.472441 0.311765 0.452756 0.164706 0.472441 0.270588 0.472441 0.311765 0.452756 0.05686295 0.452756 0.203921 0.433071 0.05490195 0.433071 0.05686295 0.452756 0.205883 0.452756 0.203921 0.433071 0.205883 0.452756 0.352941 0.433071 0.203921 0.433071 0.545098 0.637795 0.572549 0.637795 0.6 0.637795 0.545098 0.637795 0.517647 0.637795 0.572549 0.637795 0.517647 0.637795 0.545098 0.637795 0.572549 0.637795 0.88189 0.412698 0.88189 0.309523 0.937008 0.420635 0.992126 0.428571 0.937008 0.31746 0.992126 0.31746 0.314961 0.285714 0.653543 0.388888 0.653543 0.309523 0.724409 0.936508 0.677165 0.960317 0.716535 0.960317 0.614173 0.936508 0.622047 0.960317 0.669291 0.936508 0.314961 0.428571 0.464567 0.682539 0.519685 0.682539 0.314961 0.428571 0.393701 0.682539 0.464567 0.682539 0.314961 0.428571 0.161417 0.706349 0.393701 0.682539 0.314961 0.428571 0.212598 0.349206 0.161417 0.706349 0.110236 0.269841 0.05905497 0.325396 0.05905497 0.626984 0.110236 0.269841 0.05511796 0.253968 0.05905497 0.325396 0.110236 0.269841 0.106299 0.198412 0.05511796 0.253968 0.110236 0.269841 0.212598 0.277777 0.106299 0.198412 0.314961 0.428571 0.314961 0.357143 0.212598 0.349206 0.314961 0.428571 0.653543 0.460317 0.314961 0.357143 0.314961 0.428571 0.653543 0.706349 0.653543 0.460317 0.314961 0.428571 0.594489 0.682539 0.653543 0.706349 0.874016 0.936508 0.877953 0.960317 0.933071 0.960317 0.314961 0.428571 0.519685 0.682539 0.594489 0.682539 0.456693 0.984127 0.464567 0.960317 0.232284 0.984127 0.007873952 0.380952 0.007873952 0.682539 0.007873952 0.682539 0.007873952 0.380952 0.007873952 0.380952 0.007873952 0.682539 0.007873952 0.380952 0.003936946 0.309523 0.007873952 0.380952 0.007873952 0.380952 0.003936946 0.309523 0.003936946 0.309523 0.88189 0.206349 0.88189 0.309523 0.877953 0.206349 0.88189 0.412698 0.877953 0.412698 0.877953 0.309523 0.874016 0.206349 0.874016 0.309523 0.799212 0.198413 0.874016 0.412698 0.799212 0.404761 0.799212 0.301587 0.724409 0.190476 0.724409 0.293651 0.720472 0.190476 0.724409 0.396825 0.720472 0.396825 0.720472 0.293651 0.007873952 0.333333 0.007873952 0.222222 0.232284 0.357143 0.007873952 0.111111 0.232284 0.142857 0.232284 0.246031 0.456693 0.380952 0.456693 0.277777 0.464567 0.380952 0.456693 0.174603 0.464567 0.174603 0.464567 0.277777 0.472441 0.380952 0.472441 0.277777 0.543307 0.388888 0.472441 0.174603 0.543307 0.174603 0.543307 0.285714 0.614173 0.396825 0.614173 0.285714 0.622047 0.396825 0.614173 0.174603 0.622047 0.174603 0.622047 0.285714 0.992126 0.333333 0.992126 0.412698 0.653543 0.309523 0.314961 0.15873 0.653543 0.246031 0.314961 0.222222 0.102362 0.126984 0.208661 0.142857 0.208661 0.206349 0.102362 0 0.208661 0.07936495 0.102362 0.063492 0 0.238095 0.05118095 0.1190479 0.05118095 0.182539 0.102362 0.126984 0.106299 0.198412 0.05118095 0.182539 0.110236 0.269841 0.05905497 0.325396 0.05511796 0.253968 0.007873952 0.984127 0.007873952 0.682539 0.05905497 0.626984 0.314961 0.428571 0.161417 0.706349 0.212598 0.349206 0.314961 0.428571 0.393701 0.682539 0.161417 0.706349 0.314961 0.428571 0.464567 0.682539 0.393701 0.682539 0.314961 0.428571 0.519685 0.682539 0.464567 0.682539 0.614173 0.936508 0.669291 0.936508 0.622047 0.960317 0.629921 0.984127 0.677165 0.960317 0.669291 0.984127 0.314961 0.428571 0.594489 0.682539 0.519685 0.682539 0.314961 0.428571 0.653543 0.706349 0.594489 0.682539 0.314961 0.428571 0.653543 0.460317 0.653543 0.706349 0.314961 0.428571 0.314961 0.357143 0.653543 0.460317 0.314961 0.428571 0.208661 0.277777 0.314961 0.357143 0.314961 0.428571 0.212598 0.349206 0.208661 0.277777 0.992126 0.206349 0.992126 0.269841 0.653543 0.182539 0.88189 0.984127 0.877953 0.960317 0.937008 0.984127 0.007873952 0.09523797 0.05511796 0.04761898 0.003936946 0.166667 0.456693 0.984127 0.232284 0.984127 0.464567 0.960317 0.629921 0.174603 0.673228 0.182539 0.629921 0.285714 0.629921 0.396825 0.673228 0.293651 0.673228 0.396825 0.992126 0.984127 0.992126 0.738095 0.992126 0.984127 0.992126 0.984127 0.992126 0.738095 0.992126 0.738095 0.992126 0.492063 0.992126 0.412698 0.992126 0.492063 0.992126 0.492063 0.992126 0.412698 0.992126 0.412698 0.992126 0.412698 0.992126 0.333333 0.992126 0.333333 0.992126 0.412698 0.992126 0.412698 0.992126 0.333333 0.992126 0.412698 0.992126 0.333333 0.992126 0.333333 0.992126 0.492063 0.992126 0.412698 0.992126 0.492063 0.992126 0.492063 0.992126 0.412698 0.992126 0.412698 0.992126 0.412698 0.992126 0.333333 0.992126 0.412698 0.992126 0.738095 0.992126 0.492063 0.992126 0.492063 0.992126 0.738095 0.992126 0.738095 0.992126 0.492063 0.992126 0.738095 0.992126 0.492063 0.992126 0.492063 0.992126 0.984127 0.992126 0.738095 0.992126 0.984127 0.992126 0.984127 0.992126 0.738095 0.992126 0.738095 0.992126 0.738095 0.992126 0.492063 0.992126 0.738095 0.673228 0.396825 0.716535 0.293651 0.716535 0.396825 0.673228 0.396825 0.673228 0.293651 0.716535 0.293651 0.673228 0.293651 0.716535 0.190476 0.716535 0.293651 0.629921 0.285714 0.673228 0.293651 0.629921 0.396825 0.629921 0.285714 0.673228 0.182539 0.673228 0.293651 0.673228 0.182539 0.716535 0.190476 0.673228 0.293651 0.464567 0.960317 0.240157 0.960317 0.472441 0.936508 0.464567 0.960317 0.232284 0.984127 0.240157 0.960317 0.232284 0.984127 0.007873952 0.984127 0.240157 0.960317 0.003936946 0.166667 0.05118095 0.1190479 0 0.238095 0.003936946 0.166667 0.05511796 0.04761898 0.05118095 0.1190479 0.05511796 0.04761898 0.102362 0 0.05118095 0.1190479 0.937008 0.984127 0.933071 0.960317 0.992126 0.984127 0.937008 0.984127 0.877953 0.960317 0.933071 0.960317 0.877953 0.960317 0.874016 0.936508 0.933071 0.960317 0.653543 0.182539 0.653543 0.246031 0.314961 0.15873 0.653543 0.182539 0.992126 0.269841 0.653543 0.246031 0.992126 0.269841 0.992126 0.333333 0.653543 0.246031 0.208661 0.277777 0.106299 0.198412 0.102362 0.126984 0.208661 0.277777 0.212598 0.349206 0.106299 0.198412 0.212598 0.349206 0.110236 0.269841 0.106299 0.198412 0.314961 0.357143 0.208661 0.206349 0.314961 0.285714 0.314961 0.357143 0.208661 0.277777 0.208661 0.206349 0.208661 0.277777 0.102362 0.126984 0.208661 0.206349 0.653543 0.460317 0.653543 0.388888 0.992126 0.492063 0.653543 0.460317 0.314961 0.357143 0.653543 0.388888 0.314961 0.357143 0.314961 0.285714 0.653543 0.388888 0.653543 0.706349 0.992126 0.738095 0.992126 0.984127 0.653543 0.706349 0.653543 0.460317 0.992126 0.738095 0.653543 0.460317 0.992126 0.492063 0.992126 0.738095 0.594489 0.682539 0.933071 0.960317 0.874016 0.936508 0.594489 0.682539 0.653543 0.706349 0.933071 0.960317 0.653543 0.706349 0.992126 0.984127 0.933071 0.960317 0.519685 0.682539 0.799212 0.936508 0.724409 0.936508 0.519685 0.682539 0.594489 0.682539 0.799212 0.936508 0.594489 0.682539 0.874016 0.936508 0.799212 0.936508 0.669291 0.984127 0.716535 0.960317 0.708661 0.984127 0.669291 0.984127 0.677165 0.960317 0.716535 0.960317 0.677165 0.960317 0.724409 0.936508 0.716535 0.960317 0.622047 0.960317 0.677165 0.960317 0.629921 0.984127 0.622047 0.960317 0.669291 0.936508 0.677165 0.960317 0.669291 0.936508 0.724409 0.936508 0.677165 0.960317 0.464567 0.682539 0.669291 0.936508 0.614173 0.936508 0.464567 0.682539 0.519685 0.682539 0.669291 0.936508 0.519685 0.682539 0.724409 0.936508 0.669291 0.936508 0.393701 0.682539 0.543307 0.936508 0.472441 0.936508 0.393701 0.682539 0.464567 0.682539 0.543307 0.936508 0.464567 0.682539 0.614173 0.936508 0.543307 0.936508 0.161417 0.706349 0.240157 0.960317 0.007873952 0.984127 0.161417 0.706349 0.393701 0.682539 0.240157 0.960317 0.393701 0.682539 0.472441 0.936508 0.240157 0.960317 0.212598 0.349206 0.05905497 0.626984 0.110236 0.269841 0.212598 0.349206 0.161417 0.706349 0.05905497 0.626984 0.161417 0.706349 0.007873952 0.984127 0.05905497 0.626984 0.05905497 0.626984 0.05905497 0.325396 0.110236 0.269841 0.05905497 0.626984 0.007873952 0.682539 0.05905497 0.325396 0.007873952 0.682539 0.007873952 0.380952 0.05905497 0.325396 0.05511796 0.253968 0.003936946 0.309523 0 0.238095 0.05511796 0.253968 0.05905497 0.325396 0.003936946 0.309523 0.05905497 0.325396 0.007873952 0.380952 0.003936946 0.309523 0.05118095 0.182539 0.05511796 0.253968 0 0.238095 0.05118095 0.182539 0.106299 0.198412 0.05511796 0.253968 0.106299 0.198412 0.110236 0.269841 0.05511796 0.253968 0.05118095 0.182539 0.102362 0.063492 0.102362 0.126984 0.05118095 0.182539 0.05118095 0.1190479 0.102362 0.063492 0.05118095 0.1190479 0.102362 0 0.102362 0.063492 0.102362 0.063492 0.208661 0.142857 0.102362 0.126984 0.102362 0.063492 0.208661 0.07936495 0.208661 0.142857 0.208661 0.07936495 0.314961 0.15873 0.208661 0.142857 0.208661 0.206349 0.314961 0.222222 0.314961 0.285714 0.208661 0.206349 0.208661 0.142857 0.314961 0.222222 0.208661 0.142857 0.314961 0.15873 0.314961 0.222222 0.314961 0.222222 0.653543 0.309523 0.314961 0.285714 0.314961 0.222222 0.653543 0.246031 0.653543 0.309523 0.653543 0.246031 0.992126 0.333333 0.653543 0.309523 0.653543 0.309523 0.653543 0.388888 0.314961 0.285714 0.653543 0.309523 0.992126 0.412698 0.653543 0.388888 0.992126 0.412698 0.992126 0.492063 0.653543 0.388888 0.622047 0.285714 0.629921 0.285714 0.629921 0.396825 0.622047 0.285714 0.622047 0.174603 0.629921 0.285714 0.622047 0.174603 0.629921 0.174603 0.629921 0.285714 0.622047 0.396825 0.622047 0.285714 0.629921 0.396825 0.622047 0.396825 0.614173 0.285714 0.622047 0.285714 0.614173 0.285714 0.614173 0.174603 0.622047 0.285714 0.543307 0.285714 0.614173 0.285714 0.614173 0.396825 0.543307 0.285714 0.543307 0.174603 0.614173 0.285714 0.543307 0.174603 0.614173 0.174603 0.614173 0.285714 0.543307 0.388888 0.543307 0.285714 0.614173 0.396825 0.543307 0.388888 0.472441 0.277777 0.543307 0.285714 0.472441 0.277777 0.472441 0.174603 0.543307 0.285714 0.464567 0.277777 0.472441 0.277777 0.472441 0.380952 0.464567 0.277777 0.464567 0.174603 0.472441 0.277777 0.464567 0.174603 0.472441 0.174603 0.472441 0.277777 0.464567 0.380952 0.464567 0.277777 0.472441 0.380952 0.464567 0.380952 0.456693 0.277777 0.464567 0.277777 0.456693 0.277777 0.456693 0.174603 0.464567 0.277777 0.232284 0.246031 0.456693 0.277777 0.456693 0.380952 0.232284 0.246031 0.232284 0.142857 0.456693 0.277777 0.232284 0.142857 0.456693 0.174603 0.456693 0.277777 0.232284 0.357143 0.232284 0.246031 0.456693 0.380952 0.232284 0.357143 0.007873952 0.222222 0.232284 0.246031 0.007873952 0.222222 0.007873952 0.111111 0.232284 0.246031 0.720472 0.293651 0.716535 0.293651 0.716535 0.190476 0.720472 0.293651 0.720472 0.396825 0.716535 0.293651 0.720472 0.396825 0.716535 0.396825 0.716535 0.293651 0.720472 0.190476 0.720472 0.293651 0.716535 0.190476 0.720472 0.190476 0.724409 0.293651 0.720472 0.293651 0.724409 0.293651 0.724409 0.396825 0.720472 0.293651 0.799212 0.301587 0.724409 0.293651 0.724409 0.190476 0.799212 0.301587 0.799212 0.404761 0.724409 0.293651 0.799212 0.404761 0.724409 0.396825 0.724409 0.293651 0.799212 0.198413 0.799212 0.301587 0.724409 0.190476 0.799212 0.198413 0.874016 0.309523 0.799212 0.301587 0.874016 0.309523 0.874016 0.412698 0.799212 0.301587 0.877953 0.309523 0.874016 0.309523 0.874016 0.206349 0.877953 0.309523 0.877953 0.412698 0.874016 0.309523 0.877953 0.412698 0.874016 0.412698 0.874016 0.309523 0.877953 0.206349 0.877953 0.309523 0.874016 0.206349 0.877953 0.206349 0.88189 0.309523 0.877953 0.309523 0.88189 0.309523 0.88189 0.412698 0.877953 0.309523 0.003936946 0.309523 0 0.238095 0 0.238095 0.003936946 0.309523 0.003936946 0.309523 0 0.238095 0.003936946 0.309523 0 0.238095 0 0.238095 0.007873952 0.380952 0.003936946 0.309523 0.007873952 0.380952 0.007873952 0.380952 0.003936946 0.309523 0.003936946 0.309523 0.003936946 0.309523 0 0.238095 0.003936946 0.309523 0.007873952 0.682539 0.007873952 0.682539 0.007873952 0.984127 0.007873952 0.682539 0.007873952 0.380952 0.007873952 0.682539 0.007873952 0.380952 0.007873952 0.380952 0.007873952 0.682539 0.007873952 0.682539 0.007873952 0.984127 0.007873952 0.984127 0.007873952 0.682539 0.007873952 0.682539 0.007873952 0.984127 0.007873952 0.682539 0.007873952 0.984127 0.007873952 0.984127 0.232284 0.984127 0.240157 0.960317 0.007873952 0.984127 0.232284 0.984127 0.464567 0.960317 0.240157 0.960317 0.464567 0.960317 0.472441 0.936508 0.240157 0.960317 0.594489 0.682539 0.799212 0.936508 0.874016 0.936508 0.594489 0.682539 0.519685 0.682539 0.799212 0.936508 0.519685 0.682539 0.724409 0.936508 0.799212 0.936508 0.933071 0.960317 0.937008 0.984127 0.992126 0.984127 0.933071 0.960317 0.877953 0.960317 0.937008 0.984127 0.877953 0.960317 0.88189 0.984127 0.937008 0.984127 0.653543 0.706349 0.933071 0.960317 0.992126 0.984127 0.653543 0.706349 0.594489 0.682539 0.933071 0.960317 0.594489 0.682539 0.874016 0.936508 0.933071 0.960317 0.653543 0.460317 0.992126 0.738095 0.992126 0.492063 0.653543 0.460317 0.653543 0.706349 0.992126 0.738095 0.653543 0.706349 0.992126 0.984127 0.992126 0.738095 0.314961 0.357143 0.653543 0.388888 0.314961 0.285714 0.314961 0.357143 0.653543 0.460317 0.653543 0.388888 0.653543 0.460317 0.992126 0.492063 0.653543 0.388888 0.212598 0.349206 0.212598 0.277777 0.110236 0.269841 0.212598 0.349206 0.314961 0.357143 0.212598 0.277777 0.314961 0.357143 0.314961 0.285714 0.212598 0.277777 0.106299 0.198412 0.208661 0.206349 0.102362 0.126984 0.106299 0.198412 0.212598 0.277777 0.208661 0.206349 0.212598 0.277777 0.314961 0.285714 0.208661 0.206349 0.05511796 0.253968 0.05118095 0.182539 0 0.238095 0.05511796 0.253968 0.106299 0.198412 0.05118095 0.182539 0.106299 0.198412 0.102362 0.126984 0.05118095 0.182539 0.05905497 0.325396 0.003936946 0.309523 0.007873952 0.380952 0.05905497 0.325396 0.05511796 0.253968 0.003936946 0.309523 0.05511796 0.253968 0 0.238095 0.003936946 0.309523 0.05905497 0.626984 0.007873952 0.682539 0.007873952 0.984127 0.05905497 0.626984 0.05905497 0.325396 0.007873952 0.682539 0.05905497 0.325396 0.007873952 0.380952 0.007873952 0.682539 0.161417 0.706349 0.05905497 0.626984 0.007873952 0.984127 0.161417 0.706349 0.212598 0.349206 0.05905497 0.626984 0.212598 0.349206 0.110236 0.269841 0.05905497 0.626984 0.393701 0.682539 0.240157 0.960317 0.472441 0.936508 0.393701 0.682539 0.161417 0.706349 0.240157 0.960317 0.161417 0.706349 0.007873952 0.984127 0.240157 0.960317 0.464567 0.682539 0.543307 0.936508 0.614173 0.936508 0.464567 0.682539 0.393701 0.682539 0.543307 0.936508 0.393701 0.682539 0.472441 0.936508 0.543307 0.936508 0.519685 0.682539 0.669291 0.936508 0.724409 0.936508 0.519685 0.682539 0.464567 0.682539 0.669291 0.936508 0.464567 0.682539 0.614173 0.936508 0.669291 0.936508 0.669291 0.936508 0.677165 0.960317 0.724409 0.936508 0.669291 0.936508 0.622047 0.960317 0.677165 0.960317 0.622047 0.960317 0.629921 0.984127 0.677165 0.960317 0.716535 0.960317 0.669291 0.984127 0.708661 0.984127 0.716535 0.960317 0.677165 0.960317 0.669291 0.984127 0.677165 0.960317 0.629921 0.984127 0.669291 0.984127 0.653543 0.309523 0.992126 0.412698 0.992126 0.333333 0.653543 0.309523 0.653543 0.388888 0.992126 0.412698 0.653543 0.388888 0.992126 0.492063 0.992126 0.412698 0.992126 0.31746 0.937008 0.206349 0.992126 0.206349 0.992126 0.31746 0.937008 0.31746 0.937008 0.206349 0.937008 0.31746 0.88189 0.206349 0.937008 0.206349 0.937008 0.420635 0.937008 0.31746 0.992126 0.428571 0.937008 0.420635 0.88189 0.309523 0.937008 0.31746 0.88189 0.309523 0.88189 0.206349 0.937008 0.31746 0.847059 0.472441 0.864706 0.472441 0.919608 0.472441 0.003921985 0.480315 0.003921985 0.38189 0.003921985 0.38189 0.003921985 0.283465 0.003921985 0.38189 0.003921985 0.38189 0.003921985 0.480315 0.003921985 0.480315 0.003921985 0.531496 0.003921985 0.480315 0.003921985 0.531496 0.003921985 0.531496 0.803922 0.496063 0.803922 0.433071 0.803922 0.433071 0.803922 0.496063 0.803922 0.492126 0.803922 0.433071 0.803922 0.496063 0.801961 0.566929 0.803922 0.492126 0.803922 0.496063 0.803922 0.562992 0.801961 0.566929 0.976471 0.614173 0.972549 0.775591 0.945098 0.614173 0.976471 0.614173 0.984314 0.751969 0.972549 0.775591 0.976471 0.614173 0.984314 0.543307 0.984314 0.751969 0.976471 0.614173 0.976471 0.543307 0.984314 0.543307 0.882353 0.472441 0.898039 0.543307 0.864706 0.472441 0.847059 0.472441 0.880392 0.543307 0.905882 0.708661 0.992157 0.472441 0.992157 0.681103 0.992157 0.681103 0.992157 0.472441 0.992157 0.472441 0.992157 0.681103 0.992157 0.472441 0.990196 0.42126 0.992157 0.472441 0.992157 0.472441 0.990196 0.42126 0.990196 0.42126 0.988235 0.267717 0.988235 0.318898 0.988235 0.318898 0.666667 0.732283 0.645098 0.795276 0.627451 0.732283 0.623529 0.858268 0.645098 0.795276 0.605882 0.795276 0.623529 0.858268 0.605882 0.795276 0.443137 0.858268 0.262745 0.858268 0.42549 0.795276 0.262745 0.795276 0.588235 0.732283 0.588235 0.732283 0.42549 0.732283 0.262745 0.732283 0.42549 0.732283 0.262745 0.732283 0.588235 0.732283 0.42549 0.795276 0.42549 0.732283 0.588235 0.732283 0.605882 0.795276 0.42549 0.795276 0.623529 0.858268 0.623529 0.925197 0.443137 0.858268 0.262745 0.858268 0.443137 0.925197 0.262745 0.925197 0.623529 0.992126 0.623529 0.925197 0.443137 0.992126 0.262745 0.992126 0.443137 0.925197 0.262745 0.925197 0.913725 0.614173 0.898039 0.543307 0.880392 0.543307 0.968627 0.937008 0.941176 0.775591 0.907843 0.704724 0.976471 0.614173 0.945098 0.614173 0.972549 0.775591 0.992157 0.889764 0.984314 0.751969 0.980392 0.913386 0.992157 0.472441 0.984314 0.543307 0.992157 0.681103 0.992157 0.472441 0.984314 0.472441 0.984314 0.543307 0.976471 0.472441 0.984314 0.472441 0.929412 0.472441 0.992157 0.472441 0.990196 0.42126 0.919608 0.472441 0.847059 0.472441 0.917647 0.42126 0.847059 0.42126 0.847059 0.472441 0.847059 0.42126 0.847059 0.472441 0.847059 0.472441 0.847059 0.42126 0.847059 0.42126 0.847059 0.370079 0.919608 0.42126 0.847059 0.42126 0.988235 0.370079 0.990196 0.42126 0.917647 0.370079 0.847059 0.267717 0.917647 0.318898 0.847059 0.318898 0.988235 0.267717 0.988235 0.318898 0.917647 0.267717 0.847059 0.370079 0.917647 0.318898 0.847059 0.318898 0.988235 0.370079 0.988235 0.318898 0.917647 0.370079 0.847059 0.370079 0.847059 0.318898 0.847059 0.370079 0.992157 0.472441 0.937255 0.472441 0.919608 0.472441 0.819608 0.503937 0.833333 0.488189 0.868627 0.724409 0.917647 0.944882 0.882353 0.708661 0.941177 0.944882 0.976471 0.472441 0.929412 0.472441 0.984314 0.472441 0.803922 0.267717 0.803922 0.318898 0.713726 0.267717 0.623529 0.267717 0.713726 0.318898 0.623529 0.318898 0.803922 0.370079 0.803922 0.429134 0.713726 0.370079 0.623529 0.370079 0.713726 0.429134 0.623529 0.429134 0.803922 0.488189 0.801961 0.562992 0.713726 0.488189 0.623529 0.488189 0.711765 0.562992 0.623529 0.559055 0.623529 0.629921 0.621569 0.629921 0.711765 0.633858 0.8 0.637795 0.709804 0.633858 0.801961 0.633858 0.803922 0.629921 0.803922 0.562992 0.711765 0.629921 0.619608 0.629921 0.711765 0.562992 0.621569 0.559055 0.803922 0.496063 0.803922 0.433071 0.713726 0.492126 0.623529 0.488189 0.713726 0.429134 0.623529 0.429134 0.003921985 0.220472 0.003921985 0.165354 0.003921985 0.165354 0.003921985 0.110236 0.003921985 0.110236 0.003921985 0.05511796 0.003921985 0.110236 0.5 0.05511796 0.003921985 0.05511796 0.996078 0 0.996078 0.05511796 0.5 0 0.003921985 0 0.5 0.05511796 0.003921985 0.05511796 0.996078 0.110236 0.996078 0.165354 0.5 0.110236 0.003921985 0.110236 0.5 0.165354 0.003921985 0.165354 0.996078 0.220472 0.996078 0.165354 0.5 0.220472 0.003921985 0.220472 0.5 0.165354 0.003921985 0.165354 0.996078 0.110236 0.996078 0.05511796 0.5 0.110236 0.996078 0.220472 0.996078 0.165354 0.996078 0.165354 0.996078 0.110236 0.996078 0.110236 0.996078 0.05511796 0.588235 0.732283 0.588235 0.732283 0.605882 0.681102 0.623529 0.629921 0.605882 0.681102 0.621569 0.629921 0.666667 0.732283 0.666667 0.732283 0.735294 0.681102 0.803922 0.629921 0.735294 0.681102 0.801961 0.633858 0.803922 0.629921 0.711765 0.629921 0.735294 0.681102 0.666667 0.732283 0.643137 0.681102 0.627451 0.732283 0.588235 0.732283 0.605882 0.681102 0.627451 0.732283 0.666667 0.732283 0.645098 0.681102 0.733333 0.685039 0.003921985 0.283465 0.003921985 0.283465 0.264706 0.283465 0.52549 0.283465 0.264706 0.283465 0.52549 0.283465 0.933333 0.472441 0.954902 0.472441 0.933333 0.543307 0.933333 0.614173 0.954902 0.543307 0.954902 0.614173 0.913725 0.614173 0.913725 0.614173 0.898039 0.543307 0.882353 0.472441 0.898039 0.543307 0.882353 0.472441 0.976471 0.614173 0.976471 0.614173 0.945098 0.614173 0.913725 0.614173 0.945098 0.614173 0.913725 0.614173 0.968627 0.937008 0.980392 0.913386 0.968627 0.937008 0.968627 0.937008 0.980392 0.913386 0.980392 0.913386 0.882353 0.472441 0.929412 0.472441 0.882353 0.472441 0.882353 0.472441 0.929412 0.472441 0.929412 0.472441 0.262745 0.732283 0.262745 0.795276 0.262745 0.732283 0.262745 0.732283 0.262745 0.795276 0.262745 0.795276 0.262745 0.858268 0.262745 0.925197 0.262745 0.858268 0.52549 0.283465 0.52549 0.38189 0.264706 0.283465 0.003921985 0.283465 0.264706 0.38189 0.003921985 0.38189 0.52549 0.480315 0.52549 0.531496 0.264706 0.480315 0.003921985 0.480315 0.264706 0.531496 0.003921985 0.531496 0.52549 0.582677 0.52549 0.633858 0.264706 0.582677 0.003921985 0.582677 0.264706 0.633858 0.003921985 0.633858 0.52549 0.582677 0.52549 0.531496 0.264706 0.582677 0.003921985 0.582677 0.264706 0.531496 0.003921985 0.531496 0.52549 0.480315 0.52549 0.38189 0.264706 0.480315 0.003921985 0.480315 0.264706 0.38189 0.003921985 0.38189 0.52549 0.283465 0.52549 0.38189 0.52549 0.283465 0.52549 0.283465 0.52549 0.38189 0.52549 0.38189 0.52549 0.480315 0.52549 0.531496 0.52549 0.480315 0.52549 0.480315 0.52549 0.531496 0.52549 0.531496 0.623529 0.370079 0.623529 0.429134 0.623529 0.370079 0.623529 0.370079 0.623529 0.429134 0.623529 0.429134 0.623529 0.488189 0.623529 0.559055 0.623529 0.488189 0.623529 0.488189 0.623529 0.559055 0.621569 0.559055 0.666667 0.732283 0.645098 0.795276 0.666667 0.732283 0.666667 0.732283 0.645098 0.795276 0.645098 0.795276 0.623529 0.858268 0.623529 0.925197 0.623529 0.858268 0.623529 0.858268 0.623529 0.925197 0.623529 0.858268 0.623529 0.858268 0.623529 0.925197 0.623529 0.925197 0.623529 0.925197 0.623529 0.992126 0.623529 0.925197 0.645098 0.795276 0.623529 0.858268 0.623529 0.858268 0.645098 0.795276 0.645098 0.795276 0.623529 0.858268 0.645098 0.795276 0.623529 0.858268 0.623529 0.858268 0.666667 0.732283 0.645098 0.795276 0.666667 0.732283 0.666667 0.732283 0.645098 0.795276 0.645098 0.795276 0.645098 0.795276 0.623529 0.858268 0.645098 0.795276 0.621569 0.559055 0.621569 0.629921 0.619608 0.629921 0.621569 0.559055 0.623529 0.559055 0.621569 0.629921 0.623529 0.559055 0.623529 0.629921 0.621569 0.629921 0.623529 0.488189 0.623529 0.559055 0.623529 0.488189 0.623529 0.488189 0.623529 0.559055 0.623529 0.559055 0.623529 0.559055 0.623529 0.629921 0.623529 0.559055 0.623529 0.429134 0.623529 0.488189 0.623529 0.488189 0.623529 0.429134 0.623529 0.429134 0.623529 0.488189 0.623529 0.429134 0.623529 0.488189 0.623529 0.488189 0.623529 0.370079 0.623529 0.429134 0.623529 0.370079 0.623529 0.370079 0.623529 0.429134 0.623529 0.429134 0.623529 0.429134 0.623529 0.488189 0.623529 0.429134 0.52549 0.531496 0.52549 0.582677 0.52549 0.582677 0.52549 0.531496 0.52549 0.531496 0.52549 0.582677 0.52549 0.531496 0.52549 0.582677 0.52549 0.582677 0.52549 0.480315 0.52549 0.531496 0.52549 0.480315 0.52549 0.480315 0.52549 0.531496 0.52549 0.531496 0.52549 0.531496 0.52549 0.582677 0.52549 0.531496 0.52549 0.38189 0.52549 0.480315 0.52549 0.480315 0.52549 0.38189 0.52549 0.38189 0.52549 0.480315 0.52549 0.38189 0.52549 0.480315 0.52549 0.480315 0.52549 0.283465 0.52549 0.38189 0.52549 0.283465 0.52549 0.283465 0.52549 0.38189 0.52549 0.38189 0.52549 0.38189 0.52549 0.480315 0.52549 0.38189 0.003921985 0.38189 0.264706 0.283465 0.003921985 0.283465 0.003921985 0.38189 0.264706 0.38189 0.264706 0.283465 0.264706 0.38189 0.52549 0.283465 0.264706 0.283465 0.264706 0.480315 0.264706 0.38189 0.003921985 0.480315 0.264706 0.480315 0.52549 0.38189 0.264706 0.38189 0.52549 0.38189 0.52549 0.283465 0.264706 0.38189 0.003921985 0.531496 0.264706 0.480315 0.003921985 0.480315 0.003921985 0.531496 0.264706 0.531496 0.264706 0.480315 0.264706 0.531496 0.52549 0.480315 0.264706 0.480315 0.264706 0.582677 0.264706 0.531496 0.003921985 0.582677 0.264706 0.582677 0.52549 0.531496 0.264706 0.531496 0.52549 0.531496 0.52549 0.480315 0.264706 0.531496 0.003921985 0.633858 0.264706 0.685039 0.003921985 0.685039 0.003921985 0.633858 0.264706 0.633858 0.264706 0.685039 0.264706 0.633858 0.52549 0.685039 0.264706 0.685039 0.264706 0.582677 0.264706 0.633858 0.003921985 0.582677 0.264706 0.582677 0.52549 0.633858 0.264706 0.633858 0.52549 0.633858 0.52549 0.685039 0.264706 0.633858 0.003921985 0.531496 0.264706 0.582677 0.003921985 0.582677 0.003921985 0.531496 0.264706 0.531496 0.264706 0.582677 0.264706 0.531496 0.52549 0.582677 0.264706 0.582677 0.264706 0.480315 0.264706 0.531496 0.003921985 0.480315 0.264706 0.480315 0.52549 0.531496 0.264706 0.531496 0.52549 0.531496 0.52549 0.582677 0.264706 0.531496 0.003921985 0.38189 0.264706 0.480315 0.003921985 0.480315 0.003921985 0.38189 0.264706 0.38189 0.264706 0.480315 0.264706 0.38189 0.52549 0.480315 0.264706 0.480315 0.264706 0.283465 0.264706 0.38189 0.003921985 0.283465 0.264706 0.283465 0.52549 0.38189 0.264706 0.38189 0.52549 0.38189 0.52549 0.480315 0.264706 0.38189 0.262745 0.858268 0.262745 0.925197 0.262745 0.858268 0.262745 0.858268 0.262745 0.925197 0.262745 0.925197 0.262745 0.925197 0.262745 0.992126 0.262745 0.925197 0.262745 0.795276 0.262745 0.858268 0.262745 0.858268 0.262745 0.795276 0.262745 0.795276 0.262745 0.858268 0.262745 0.795276 0.262745 0.858268 0.262745 0.858268 0.262745 0.732283 0.262745 0.795276 0.262745 0.732283 0.262745 0.732283 0.262745 0.795276 0.262745 0.795276 0.262745 0.795276 0.262745 0.858268 0.262745 0.795276 0.929412 0.472441 0.976471 0.472441 0.976471 0.472441 0.929412 0.472441 0.929412 0.472441 0.976471 0.472441 0.929412 0.472441 0.976471 0.472441 0.976471 0.472441 0.882353 0.472441 0.929412 0.472441 0.882353 0.472441 0.882353 0.472441 0.929412 0.472441 0.929412 0.472441 0.929412 0.472441 0.976471 0.472441 0.929412 0.472441 0.980392 0.913386 0.992157 0.889764 0.992157 0.889764 0.980392 0.913386 0.980392 0.913386 0.992157 0.889764 0.980392 0.913386 0.992157 0.889764 0.992157 0.889764 0.968627 0.937008 0.980392 0.913386 0.968627 0.937008 0.968627 0.937008 0.980392 0.913386 0.980392 0.913386 0.980392 0.913386 0.992157 0.889764 0.980392 0.913386 0.913725 0.614173 0.945098 0.614173 0.913725 0.614173 0.913725 0.614173 0.945098 0.614173 0.945098 0.614173 0.945098 0.614173 0.976471 0.614173 0.945098 0.614173 0.945098 0.614173 0.945098 0.614173 0.913725 0.614173 0.945098 0.614173 0.976471 0.614173 0.945098 0.614173 0.976471 0.614173 0.976471 0.614173 0.945098 0.614173 0.882353 0.472441 0.898039 0.543307 0.882353 0.472441 0.882353 0.472441 0.898039 0.543307 0.898039 0.543307 0.898039 0.543307 0.913725 0.614173 0.898039 0.543307 0.898039 0.543307 0.898039 0.543307 0.882353 0.472441 0.898039 0.543307 0.913725 0.614173 0.898039 0.543307 0.913725 0.614173 0.913725 0.614173 0.898039 0.543307 0.954902 0.614173 0.976471 0.543307 0.976471 0.614173 0.954902 0.614173 0.954902 0.543307 0.976471 0.543307 0.954902 0.543307 0.976471 0.472441 0.976471 0.543307 0.933333 0.543307 0.954902 0.543307 0.933333 0.614173 0.933333 0.543307 0.954902 0.472441 0.954902 0.543307 0.954902 0.472441 0.976471 0.472441 0.954902 0.543307 0.52549 0.283465 0.264706 0.283465 0.52549 0.283465 0.52549 0.283465 0.264706 0.283465 0.264706 0.283465 0.264706 0.283465 0.003921985 0.283465 0.264706 0.283465 0.264706 0.283465 0.264706 0.283465 0.52549 0.283465 0.264706 0.283465 0.003921985 0.283465 0.264706 0.283465 0.003921985 0.283465 0.003921985 0.283465 0.264706 0.283465 0.733333 0.685039 0.711765 0.633858 0.8 0.637795 0.733333 0.685039 0.645098 0.681102 0.711765 0.633858 0.645098 0.681102 0.623529 0.629921 0.711765 0.633858 0.627451 0.732283 0.645098 0.681102 0.666667 0.732283 0.627451 0.732283 0.605882 0.681102 0.645098 0.681102 0.605882 0.681102 0.623529 0.629921 0.645098 0.681102 0.627451 0.732283 0.603922 0.681102 0.588235 0.732283 0.627451 0.732283 0.643137 0.681102 0.603922 0.681102 0.643137 0.681102 0.619608 0.629921 0.603922 0.681102 0.735294 0.681102 0.643137 0.681102 0.666667 0.732283 0.735294 0.681102 0.711765 0.629921 0.643137 0.681102 0.711765 0.629921 0.619608 0.629921 0.643137 0.681102 0.801961 0.633858 0.733333 0.685039 0.8 0.637795 0.801961 0.633858 0.735294 0.681102 0.733333 0.685039 0.735294 0.681102 0.666667 0.732283 0.733333 0.685039 0.735294 0.681102 0.735294 0.681102 0.803922 0.629921 0.735294 0.681102 0.666667 0.732283 0.735294 0.681102 0.666667 0.732283 0.666667 0.732283 0.735294 0.681102 0.621569 0.629921 0.603922 0.681102 0.619608 0.629921 0.621569 0.629921 0.605882 0.681102 0.603922 0.681102 0.605882 0.681102 0.588235 0.732283 0.603922 0.681102 0.605882 0.681102 0.605882 0.681102 0.623529 0.629921 0.605882 0.681102 0.588235 0.732283 0.605882 0.681102 0.588235 0.732283 0.588235 0.732283 0.605882 0.681102 0.996078 0.05511796 0.996078 0.05511796 0.996078 0 0.996078 0.05511796 0.996078 0.110236 0.996078 0.05511796 0.996078 0.110236 0.996078 0.110236 0.996078 0.05511796 0.996078 0.165354 0.996078 0.110236 0.996078 0.110236 0.996078 0.165354 0.996078 0.165354 0.996078 0.110236 0.996078 0.165354 0.996078 0.110236 0.996078 0.110236 0.5 0.110236 0.5 0.05511796 0.003921985 0.110236 0.5 0.110236 0.996078 0.05511796 0.5 0.05511796 0.996078 0.05511796 0.996078 0 0.5 0.05511796 0.003921985 0.165354 0.5 0.110236 0.003921985 0.110236 0.003921985 0.165354 0.5 0.165354 0.5 0.110236 0.5 0.165354 0.996078 0.110236 0.5 0.110236 0.5 0.220472 0.5 0.165354 0.003921985 0.220472 0.5 0.220472 0.996078 0.165354 0.5 0.165354 0.996078 0.165354 0.996078 0.110236 0.5 0.165354 0.003921985 0.165354 0.5 0.220472 0.003921985 0.220472 0.003921985 0.165354 0.5 0.165354 0.5 0.220472 0.5 0.165354 0.996078 0.220472 0.5 0.220472 0.5 0.110236 0.5 0.165354 0.003921985 0.110236 0.5 0.110236 0.996078 0.165354 0.5 0.165354 0.996078 0.165354 0.996078 0.220472 0.5 0.165354 0.003921985 0.05511796 0.5 0.110236 0.003921985 0.110236 0.003921985 0.05511796 0.5 0.05511796 0.5 0.110236 0.5 0.05511796 0.996078 0.110236 0.5 0.110236 0.5 0 0.5 0.05511796 0.003921985 0 0.5 0 0.996078 0.05511796 0.5 0.05511796 0.996078 0.05511796 0.996078 0.110236 0.5 0.05511796 0.003921985 0.05511796 0.5 0 0.003921985 0 0.003921985 0.05511796 0.5 0.05511796 0.5 0 0.5 0.05511796 0.996078 0 0.5 0 0.003921985 0.05511796 0.003921985 0.05511796 0.003921985 0 0.003921985 0.05511796 0.003921985 0.110236 0.003921985 0.05511796 0.003921985 0.110236 0.003921985 0.110236 0.003921985 0.05511796 0.003921985 0.165354 0.003921985 0.110236 0.003921985 0.110236 0.003921985 0.165354 0.003921985 0.165354 0.003921985 0.110236 0.003921985 0.165354 0.003921985 0.110236 0.003921985 0.110236 0.623529 0.429134 0.713726 0.370079 0.623529 0.370079 0.623529 0.429134 0.713726 0.429134 0.713726 0.370079 0.713726 0.429134 0.803922 0.370079 0.713726 0.370079 0.713726 0.492126 0.713726 0.429134 0.623529 0.488189 0.713726 0.492126 0.803922 0.433071 0.713726 0.429134 0.803922 0.433071 0.803922 0.370079 0.713726 0.429134 0.621569 0.559055 0.713726 0.492126 0.623529 0.488189 0.621569 0.559055 0.711765 0.562992 0.713726 0.492126 0.711765 0.562992 0.803922 0.496063 0.713726 0.492126 0.711765 0.629921 0.711765 0.562992 0.619608 0.629921 0.711765 0.629921 0.803922 0.562992 0.711765 0.562992 0.803922 0.562992 0.803922 0.496063 0.711765 0.562992 0.801961 0.633858 0.711765 0.629921 0.803922 0.629921 0.801961 0.633858 0.709804 0.633858 0.711765 0.629921 0.709804 0.633858 0.619608 0.629921 0.711765 0.629921 0.711765 0.633858 0.709804 0.633858 0.8 0.637795 0.711765 0.633858 0.621569 0.629921 0.709804 0.633858 0.621569 0.629921 0.619608 0.629921 0.709804 0.633858 0.623529 0.559055 0.711765 0.633858 0.623529 0.629921 0.623529 0.559055 0.711765 0.562992 0.711765 0.633858 0.711765 0.562992 0.8 0.637795 0.711765 0.633858 0.713726 0.488189 0.711765 0.562992 0.623529 0.488189 0.713726 0.488189 0.801961 0.562992 0.711765 0.562992 0.801961 0.562992 0.8 0.637795 0.711765 0.562992 0.623529 0.429134 0.713726 0.488189 0.623529 0.488189 0.623529 0.429134 0.713726 0.429134 0.713726 0.488189 0.713726 0.429134 0.803922 0.488189 0.713726 0.488189 0.713726 0.370079 0.713726 0.429134 0.623529 0.370079 0.713726 0.370079 0.803922 0.429134 0.713726 0.429134 0.803922 0.429134 0.803922 0.488189 0.713726 0.429134 0.623529 0.318898 0.713726 0.370079 0.623529 0.370079 0.623529 0.318898 0.713726 0.318898 0.713726 0.370079 0.713726 0.318898 0.803922 0.370079 0.713726 0.370079 0.713726 0.267717 0.713726 0.318898 0.623529 0.267717 0.713726 0.267717 0.803922 0.318898 0.713726 0.318898 0.803922 0.318898 0.803922 0.370079 0.713726 0.318898 0.984314 0.472441 0.937255 0.472441 0.992157 0.472441 0.984314 0.472441 0.929412 0.472441 0.937255 0.472441 0.929412 0.472441 0.882353 0.472441 0.937255 0.472441 0.941177 0.944882 0.905882 0.708661 0.964706 0.944882 0.941177 0.944882 0.882353 0.708661 0.905882 0.708661 0.882353 0.708661 0.847059 0.472441 0.905882 0.708661 0.868627 0.724409 0.882353 0.708661 0.917647 0.944882 0.868627 0.724409 0.833333 0.488189 0.882353 0.708661 0.833333 0.488189 0.847059 0.472441 0.882353 0.708661 0.919608 0.472441 0.864706 0.472441 0.847059 0.472441 0.919608 0.472441 0.937255 0.472441 0.864706 0.472441 0.937255 0.472441 0.882353 0.472441 0.864706 0.472441 0.847059 0.370079 0.847059 0.318898 0.847059 0.370079 0.847059 0.370079 0.847059 0.318898 0.847059 0.318898 0.847059 0.318898 0.847059 0.267717 0.847059 0.318898 0.917647 0.370079 0.917647 0.318898 0.847059 0.370079 0.917647 0.370079 0.988235 0.318898 0.917647 0.318898 0.988235 0.318898 0.988235 0.267717 0.917647 0.318898 0.847059 0.318898 0.917647 0.267717 0.847059 0.267717 0.847059 0.318898 0.917647 0.318898 0.917647 0.267717 0.917647 0.318898 0.988235 0.267717 0.917647 0.267717 0.917647 0.267717 0.917647 0.318898 0.847059 0.267717 0.917647 0.267717 0.988235 0.318898 0.917647 0.318898 0.988235 0.318898 0.988235 0.370079 0.917647 0.318898 0.847059 0.318898 0.917647 0.370079 0.847059 0.370079 0.847059 0.318898 0.917647 0.318898 0.917647 0.370079 0.917647 0.318898 0.988235 0.370079 0.917647 0.370079 0.917647 0.370079 0.919608 0.42126 0.847059 0.370079 0.917647 0.370079 0.990196 0.42126 0.919608 0.42126 0.990196 0.42126 0.992157 0.472441 0.919608 0.42126 0.847059 0.42126 0.919608 0.472441 0.847059 0.472441 0.847059 0.42126 0.919608 0.42126 0.919608 0.472441 0.919608 0.42126 0.992157 0.472441 0.919608 0.472441 0.847059 0.42126 0.847059 0.370079 0.847059 0.370079 0.847059 0.42126 0.847059 0.42126 0.847059 0.370079 0.847059 0.42126 0.847059 0.370079 0.847059 0.370079 0.847059 0.472441 0.847059 0.42126 0.847059 0.472441 0.847059 0.472441 0.847059 0.42126 0.847059 0.42126 0.847059 0.42126 0.847059 0.370079 0.847059 0.42126 0.847059 0.42126 0.917647 0.370079 0.847059 0.370079 0.847059 0.42126 0.917647 0.42126 0.917647 0.370079 0.917647 0.42126 0.988235 0.370079 0.917647 0.370079 0.919608 0.472441 0.917647 0.42126 0.847059 0.472441 0.919608 0.472441 0.990196 0.42126 0.917647 0.42126 0.990196 0.42126 0.988235 0.370079 0.917647 0.42126 0.929412 0.472441 0.937255 0.472441 0.882353 0.472441 0.929412 0.472441 0.984314 0.472441 0.937255 0.472441 0.984314 0.472441 0.992157 0.472441 0.937255 0.472441 0.984314 0.543307 0.976471 0.543307 0.976471 0.614173 0.984314 0.543307 0.984314 0.472441 0.976471 0.543307 0.984314 0.472441 0.976471 0.472441 0.976471 0.543307 0.992157 0.681103 0.984314 0.751969 0.992157 0.889764 0.992157 0.681103 0.984314 0.543307 0.984314 0.751969 0.984314 0.543307 0.976471 0.614173 0.984314 0.751969 0.980392 0.913386 0.972549 0.775591 0.968627 0.937008 0.980392 0.913386 0.984314 0.751969 0.972549 0.775591 0.984314 0.751969 0.976471 0.614173 0.972549 0.775591 0.972549 0.775591 0.941176 0.775591 0.968627 0.937008 0.972549 0.775591 0.945098 0.614173 0.941176 0.775591 0.945098 0.614173 0.913725 0.614173 0.941176 0.775591 0.907843 0.704724 0.880392 0.543307 0.847059 0.472441 0.907843 0.704724 0.941176 0.775591 0.880392 0.543307 0.941176 0.775591 0.913725 0.614173 0.880392 0.543307 0.880392 0.543307 0.864706 0.472441 0.847059 0.472441 0.880392 0.543307 0.898039 0.543307 0.864706 0.472441 0.898039 0.543307 0.882353 0.472441 0.864706 0.472441 0.262745 0.925197 0.443137 0.858268 0.262745 0.858268 0.262745 0.925197 0.443137 0.925197 0.443137 0.858268 0.443137 0.925197 0.623529 0.858268 0.443137 0.858268 0.443137 0.992126 0.443137 0.925197 0.262745 0.992126 0.443137 0.992126 0.623529 0.925197 0.443137 0.925197 0.623529 0.925197 0.623529 0.858268 0.443137 0.925197 0.262745 0.925197 0.443137 0.992126 0.262745 0.992126 0.262745 0.925197 0.443137 0.925197 0.443137 0.992126 0.443137 0.925197 0.623529 0.992126 0.443137 0.992126 0.443137 0.858268 0.443137 0.925197 0.262745 0.858268 0.443137 0.858268 0.623529 0.925197 0.443137 0.925197 0.623529 0.925197 0.623529 0.992126 0.443137 0.925197 0.42549 0.795276 0.443137 0.858268 0.262745 0.858268 0.42549 0.795276 0.605882 0.795276 0.443137 0.858268 0.605882 0.795276 0.623529 0.858268 0.443137 0.858268 0.42549 0.732283 0.262745 0.795276 0.262745 0.732283 0.42549 0.732283 0.42549 0.795276 0.262745 0.795276 0.42549 0.795276 0.262745 0.858268 0.262745 0.795276 0.262745 0.732283 0.42549 0.732283 0.262745 0.732283 0.262745 0.732283 0.42549 0.732283 0.42549 0.732283 0.42549 0.732283 0.588235 0.732283 0.42549 0.732283 0.42549 0.732283 0.42549 0.732283 0.262745 0.732283 0.42549 0.732283 0.588235 0.732283 0.42549 0.732283 0.588235 0.732283 0.588235 0.732283 0.42549 0.732283 0.262745 0.795276 0.42549 0.732283 0.262745 0.732283 0.262745 0.795276 0.42549 0.795276 0.42549 0.732283 0.42549 0.795276 0.588235 0.732283 0.42549 0.732283 0.443137 0.858268 0.42549 0.795276 0.262745 0.858268 0.443137 0.858268 0.605882 0.795276 0.42549 0.795276 0.605882 0.795276 0.588235 0.732283 0.42549 0.795276 0.605882 0.795276 0.627451 0.732283 0.588235 0.732283 0.605882 0.795276 0.645098 0.795276 0.627451 0.732283 0.645098 0.795276 0.666667 0.732283 0.627451 0.732283 0.627451 0.732283 0.605882 0.795276 0.588235 0.732283 0.627451 0.732283 0.645098 0.795276 0.605882 0.795276 0.645098 0.795276 0.623529 0.858268 0.605882 0.795276 0.988235 0.318898 0.988235 0.370079 0.988235 0.370079 0.988235 0.318898 0.988235 0.318898 0.988235 0.370079 0.988235 0.318898 0.988235 0.370079 0.988235 0.370079 0.990196 0.42126 0.988235 0.370079 0.988235 0.370079 0.990196 0.42126 0.990196 0.42126 0.988235 0.370079 0.990196 0.42126 0.988235 0.370079 0.988235 0.370079 0.992157 0.472441 0.990196 0.42126 0.992157 0.472441 0.992157 0.472441 0.990196 0.42126 0.990196 0.42126 0.990196 0.42126 0.988235 0.370079 0.990196 0.42126 0.992157 0.681103 0.992157 0.681103 0.992157 0.889764 0.992157 0.681103 0.992157 0.472441 0.992157 0.681103 0.992157 0.472441 0.992157 0.472441 0.992157 0.681103 0.992157 0.681103 0.992157 0.889764 0.992157 0.889764 0.992157 0.681103 0.992157 0.681103 0.992157 0.889764 0.992157 0.681103 0.992157 0.889764 0.992157 0.889764 0.905882 0.708661 0.939216 0.779527 0.964706 0.944882 0.905882 0.708661 0.880392 0.543307 0.939216 0.779527 0.880392 0.543307 0.913725 0.614173 0.939216 0.779527 0.864706 0.472441 0.880392 0.543307 0.847059 0.472441 0.864706 0.472441 0.898039 0.543307 0.880392 0.543307 0.898039 0.543307 0.913725 0.614173 0.880392 0.543307 0.984314 0.543307 0.984314 0.472441 0.992157 0.472441 0.984314 0.543307 0.976471 0.543307 0.984314 0.472441 0.976471 0.543307 0.976471 0.472441 0.984314 0.472441 0.984314 0.751969 0.992157 0.681103 0.992157 0.889764 0.984314 0.751969 0.984314 0.543307 0.992157 0.681103 0.984314 0.543307 0.992157 0.472441 0.992157 0.681103 0.972549 0.775591 0.980392 0.913386 0.968627 0.937008 0.972549 0.775591 0.984314 0.751969 0.980392 0.913386 0.984314 0.751969 0.992157 0.889764 0.980392 0.913386 0.945098 0.614173 0.941176 0.775591 0.913725 0.614173 0.945098 0.614173 0.972549 0.775591 0.941176 0.775591 0.972549 0.775591 0.968627 0.937008 0.941176 0.775591 0.801961 0.566929 0.801961 0.633858 0.8 0.637795 0.801961 0.566929 0.803922 0.562992 0.801961 0.633858 0.803922 0.562992 0.803922 0.629921 0.801961 0.633858 0.803922 0.492126 0.801961 0.562992 0.803922 0.488189 0.803922 0.492126 0.801961 0.566929 0.801961 0.562992 0.801961 0.566929 0.8 0.637795 0.801961 0.562992 0.803922 0.433071 0.803922 0.429134 0.803922 0.370079 0.803922 0.433071 0.803922 0.492126 0.803922 0.429134 0.803922 0.492126 0.803922 0.488189 0.803922 0.429134 0.803922 0.433071 0.803922 0.370079 0.803922 0.370079 0.803922 0.433071 0.803922 0.433071 0.803922 0.370079 0.803922 0.433071 0.803922 0.370079 0.803922 0.370079 0.003921985 0.531496 0.003921985 0.582677 0.003921985 0.582677 0.003921985 0.531496 0.003921985 0.531496 0.003921985 0.582677 0.003921985 0.531496 0.003921985 0.582677 0.003921985 0.582677 0.003921985 0.531496 0.003921985 0.531496 0.003921985 0.582677 0.003921985 0.531496 0.003921985 0.480315 0.003921985 0.531496 0.003921985 0.480315 0.003921985 0.480315 0.003921985 0.531496 0.003921985 0.38189 0.003921985 0.480315 0.003921985 0.480315 0.003921985 0.38189 0.003921985 0.38189 0.003921985 0.480315 0.003921985 0.38189 0.003921985 0.480315 0.003921985 0.480315 0.003921985 0.38189 0.003921985 0.283465 0.003921985 0.283465 0.003921985 0.38189 0.003921985 0.38189 0.003921985 0.283465 0.003921985 0.38189 0.003921985 0.283465 0.003921985 0.283465 0.919608 0.472441 0.937255 0.472441 0.992157 0.472441 0.919608 0.472441 0.864706 0.472441 0.937255 0.472441 0.864706 0.472441 0.882353 0.472441 0.937255 0.472441 0.203922 0.634921 0.59804 0.634921 0.59804 0.730159 0.945098 0.285714 0.903921 0.357143 0.903921 0.238095 0.937255 0.206349 0.941177 0.246031 0.9 0.198413 0.992157 0.365079 0.968627 0.325396 0.964706 0.285714 0.811765 0.492063 0.839216 0.492063 0.8 0.277777 0.203922 0.825397 0.6 0.825397 0.6 0.730159 0.996078 0.634921 0.6 0.634921 0.6 0.730159 0.203922 0.825397 0.203922 0.730159 0.1764709 0.746032 0.203922 0.634921 0.1764709 0.539683 0.1764709 0.650794 0.996078 0.634921 0.870588 0.587302 0.996078 0.587302 0.996078 0.634921 0.6 0.634921 0.870588 0.587302 0.745098 0.539683 0.47451 0.587302 0.735294 0.492063 0.203922 0.634921 0.1764709 0.539683 0.464706 0.539683 0.72549 0 0.72549 0.222222 0.72549 0.15873 0.72549 0 0.72549 0.222222 0.72549 0.222222 0.72549 0 0.72549 0.15873 0.72549 0.222222 0.72549 0 0.72549 0 0.72549 0.15873 0.203922 0.825397 0.203922 0.730159 0.59804 0.825397 0.203922 0.825397 0.59804 0.825397 0.59804 0.904762 0.203922 0.825397 0.59804 0.904762 0.203922 0.904762 0.203922 0.825397 0.203922 0.904762 0.1764709 0.833333 0.203922 0.825397 0.1764709 0.833333 0.1764709 0.746032 0.203922 0.825397 0.1764709 0.746032 0.203922 0.730159 0.203922 0.634921 0.1764709 0.650794 0.1764709 0.539683 0.09803897 0.238095 0.411765 0.1190479 0.09607899 0.1190479 0.72549 0.31746 0.72549 0.15873 0.411765 0.277777 0.14902 0.444444 0.437255 0.380952 0.12353 0.341269 0.72549 0.444444 0.72549 0.380952 0.437255 0.444444 0.203922 0.634921 0.464706 0.539683 0.1764709 0.539683 0.745098 0.539683 0.735294 0.492063 0.47451 0.587302 0.996078 0.634921 0.870588 0.587302 0.6 0.634921 0.996078 0.539683 0.870588 0.539683 0.996078 0.587302 0.811765 0.492063 0.8 0.277777 0.839216 0.492063 0.996078 0.634921 0.996078 0.587302 0.996078 0.730159 0.996078 0.825397 0.996078 0.68254 0.996078 0.825397 0.996078 0.539683 0.996078 0.539683 0.996078 0.68254 0.996078 0.825397 0.996078 0.68254 0.996078 0.730159 0.09411799 0 0.09411799 0 0.12353 0 0.152941 0 0.12353 0 0.439215 0 0.09411799 0 0.409804 0 0.409804 0 0.862745 0.428571 0.903921 0.357143 0.862745 0.309523 0.862745 0.190476 0.903921 0.238095 0.9 0.198413 0.945098 0.285714 0.968627 0.325396 0.941177 0.246031 0.745098 0.539683 0.745098 0.539683 0.735294 0.492063 0.72549 0.444444 0.735294 0.492063 0.72549 0.444444 0.996078 0.539683 0.870588 0.539683 0.996078 0.539683 0.996078 0.539683 0.870588 0.539683 0.870588 0.539683 0.72549 0 0.72549 0.15873 0.439215 0 0.152941 0 0.439215 0.15873 0.152941 0.15873 0.72549 0.31746 0.72549 0.380952 0.439215 0.31746 0.152941 0.31746 0.439215 0.380952 0.150981 0.380952 0.09803897 0.587302 0.12353 0.626984 0.09803897 0.730159 0.09803897 0.873016 0.12353 0.769841 0.12353 0.857143 0.09019595 0 0.09019595 0.1190479 0.04705899 0 0.003921985 0 0.04705899 0.1190479 0.003921985 0.1190479 0.003921985 0.238095 0.04705899 0.238095 0.003921985 0.404762 0.003921985 0.571429 0.04705899 0.404762 0.04509794 0.571429 0.09019595 0 0.121569 0 0.09019595 0.1190479 0.09019595 0.238095 0.121569 0.1190479 0.121569 0.277777 0.09803897 0.238095 0.12549 0.277777 0.12353 0.341269 0.792157 0.063492 0.801961 0.277777 0.764706 0.063492 0.737255 0.063492 0.77451 0.277777 0.75098 0.277777 0.811765 0.492063 0.839216 0.492063 0.811765 0.492063 0.811765 0.492063 0.839216 0.492063 0.839216 0.492063 0.866667 0.492063 0.827451 0.277777 0.866667 0.492063 0.866667 0.492063 0.827451 0.277777 0.827451 0.277777 0.862745 0.190476 0.862745 0.190476 0.862745 0.309523 0.862745 0.428571 0.862745 0.309523 0.862745 0.428571 0.862745 0.428571 0.862745 0.428571 0.903921 0.357143 0.945098 0.285714 0.903921 0.357143 0.945098 0.285714 0.945098 0.285714 0.945098 0.285714 0.968627 0.325396 0.992157 0.365079 0.968627 0.325396 0.992157 0.365079 0.992157 0.174603 0.992157 0.269841 0.968627 0.103175 0.945098 0.03174597 0.968627 0.198412 0.941177 0.1190479 0.945098 0.03174597 0.941177 0.1190479 0.903921 0.02380996 0.862745 0.01587295 0.9 0.111111 0.862745 0.103175 0.862745 0.103175 0.9 0.198413 0.862745 0.190476 0.862745 0.103175 0.9 0.111111 0.9 0.198413 0.9 0.111111 0.937255 0.206349 0.9 0.198413 0.903921 0.02380996 0.9 0.111111 0.862745 0.01587295 0.903921 0.02380996 0.941177 0.1190479 0.9 0.111111 0.941177 0.1190479 0.937255 0.206349 0.9 0.111111 0.941177 0.1190479 0.964706 0.285714 0.937255 0.206349 0.941177 0.1190479 0.968627 0.198412 0.964706 0.285714 0.968627 0.198412 0.992157 0.365079 0.964706 0.285714 0.968627 0.103175 0.968627 0.198412 0.945098 0.03174597 0.968627 0.103175 0.992157 0.269841 0.968627 0.198412 0.992157 0.269841 0.992157 0.365079 0.968627 0.198412 0.992157 0.365079 0.968627 0.325396 0.992157 0.365079 0.992157 0.365079 0.968627 0.325396 0.968627 0.325396 0.968627 0.325396 0.945098 0.285714 0.968627 0.325396 0.968627 0.325396 0.968627 0.325396 0.992157 0.365079 0.968627 0.325396 0.945098 0.285714 0.968627 0.325396 0.945098 0.285714 0.945098 0.285714 0.968627 0.325396 0.945098 0.285714 0.903921 0.357143 0.945098 0.285714 0.945098 0.285714 0.903921 0.357143 0.903921 0.357143 0.903921 0.357143 0.862745 0.428571 0.903921 0.357143 0.903921 0.357143 0.903921 0.357143 0.945098 0.285714 0.903921 0.357143 0.862745 0.428571 0.903921 0.357143 0.862745 0.428571 0.862745 0.428571 0.903921 0.357143 0.862745 0.428571 0.862745 0.309523 0.862745 0.428571 0.862745 0.428571 0.862745 0.309523 0.862745 0.309523 0.862745 0.309523 0.862745 0.190476 0.862745 0.309523 0.862745 0.309523 0.862745 0.309523 0.862745 0.428571 0.862745 0.309523 0.862745 0.190476 0.862745 0.309523 0.862745 0.190476 0.862745 0.190476 0.862745 0.309523 0.827451 0.277777 0.788235 0.063492 0.788235 0.063492 0.827451 0.277777 0.827451 0.277777 0.788235 0.063492 0.827451 0.277777 0.788235 0.063492 0.788235 0.063492 0.866667 0.492063 0.827451 0.277777 0.866667 0.492063 0.866667 0.492063 0.827451 0.277777 0.827451 0.277777 0.827451 0.277777 0.788235 0.063492 0.827451 0.277777 0.839216 0.492063 0.866667 0.492063 0.866667 0.492063 0.839216 0.492063 0.839216 0.492063 0.866667 0.492063 0.839216 0.492063 0.866667 0.492063 0.866667 0.492063 0.811765 0.492063 0.839216 0.492063 0.811765 0.492063 0.811765 0.492063 0.839216 0.492063 0.839216 0.492063 0.839216 0.492063 0.866667 0.492063 0.839216 0.492063 0.75098 0.277777 0.788236 0.492063 0.764706 0.492063 0.75098 0.277777 0.77451 0.277777 0.788236 0.492063 0.77451 0.277777 0.811765 0.492063 0.788236 0.492063 0.764706 0.063492 0.77451 0.277777 0.737255 0.063492 0.764706 0.063492 0.801961 0.277777 0.77451 0.277777 0.801961 0.277777 0.811765 0.492063 0.77451 0.277777 0.12353 0.341269 0.150981 0.380952 0.14902 0.444444 0.12353 0.341269 0.12549 0.277777 0.150981 0.380952 0.12549 0.277777 0.152941 0.31746 0.150981 0.380952 0.121569 0.277777 0.152941 0.15873 0.152941 0.31746 0.121569 0.277777 0.121569 0.1190479 0.152941 0.15873 0.121569 0.1190479 0.152941 0 0.152941 0.15873 0.09019595 0.1190479 0.121569 0.1190479 0.09019595 0.238095 0.09019595 0.1190479 0.121569 0 0.121569 0.1190479 0.121569 0 0.152941 0 0.121569 0.1190479 0.04509794 0.571429 0.08823496 0.404762 0.08627498 0.571429 0.04509794 0.571429 0.04705899 0.404762 0.08823496 0.404762 0.04705899 0.404762 0.09019595 0.238095 0.08823496 0.404762 0.003921985 0.404762 0.04705899 0.404762 0.003921985 0.571429 0.003921985 0.404762 0.04705899 0.238095 0.04705899 0.404762 0.04705899 0.238095 0.09019595 0.238095 0.04705899 0.404762 0.003921985 0.1190479 0.04705899 0.238095 0.003921985 0.238095 0.003921985 0.1190479 0.04705899 0.1190479 0.04705899 0.238095 0.04705899 0.1190479 0.09019595 0.238095 0.04705899 0.238095 0.04705899 0 0.04705899 0.1190479 0.003921985 0 0.04705899 0 0.09019595 0.1190479 0.04705899 0.1190479 0.09019595 0.1190479 0.09019595 0.238095 0.04705899 0.1190479 0.12353 0.857143 0.14902 0.753968 0.14902 0.84127 0.12353 0.857143 0.12353 0.769841 0.14902 0.753968 0.12353 0.769841 0.14902 0.666667 0.14902 0.753968 0.09803897 0.730159 0.12353 0.769841 0.09803897 0.873016 0.09803897 0.730159 0.12353 0.626984 0.12353 0.769841 0.12353 0.626984 0.14902 0.666667 0.12353 0.769841 0.150981 0.380952 0.437255 0.444444 0.14902 0.444444 0.150981 0.380952 0.439215 0.380952 0.437255 0.444444 0.439215 0.380952 0.72549 0.444444 0.437255 0.444444 0.439215 0.31746 0.439215 0.380952 0.152941 0.31746 0.439215 0.31746 0.72549 0.380952 0.439215 0.380952 0.72549 0.380952 0.72549 0.444444 0.439215 0.380952 0.152941 0.15873 0.439215 0.31746 0.152941 0.31746 0.152941 0.15873 0.439215 0.15873 0.439215 0.31746 0.439215 0.15873 0.72549 0.31746 0.439215 0.31746 0.439215 0 0.439215 0.15873 0.152941 0 0.439215 0 0.72549 0.15873 0.439215 0.15873 0.72549 0.15873 0.72549 0.31746 0.439215 0.15873 0.870588 0.539683 0.745098 0.539683 0.745098 0.539683 0.870588 0.539683 0.870588 0.539683 0.745098 0.539683 0.870588 0.539683 0.745098 0.539683 0.745098 0.539683 0.996078 0.539683 0.870588 0.539683 0.996078 0.539683 0.996078 0.539683 0.870588 0.539683 0.870588 0.539683 0.870588 0.539683 0.745098 0.539683 0.870588 0.539683 0.72549 0.444444 0.735294 0.492063 0.72549 0.444444 0.72549 0.444444 0.735294 0.492063 0.735294 0.492063 0.735294 0.492063 0.745098 0.539683 0.735294 0.492063 0.735294 0.492063 0.735294 0.492063 0.72549 0.444444 0.735294 0.492063 0.745098 0.539683 0.735294 0.492063 0.745098 0.539683 0.745098 0.539683 0.735294 0.492063 0.941177 0.246031 0.964706 0.285714 0.937255 0.206349 0.941177 0.246031 0.968627 0.325396 0.964706 0.285714 0.968627 0.325396 0.992157 0.365079 0.964706 0.285714 0.9 0.198413 0.941177 0.246031 0.937255 0.206349 0.9 0.198413 0.903921 0.238095 0.941177 0.246031 0.903921 0.238095 0.945098 0.285714 0.941177 0.246031 0.862745 0.309523 0.903921 0.238095 0.862745 0.190476 0.862745 0.309523 0.903921 0.357143 0.903921 0.238095 0.903921 0.357143 0.945098 0.285714 0.903921 0.238095 0.409804 0 0.72549 0 0.72549 0 0.409804 0 0.409804 0 0.72549 0 0.409804 0 0.72549 0 0.72549 0 0.439215 0 0.409804 0 0.72549 0 0.439215 0 0.12353 0 0.409804 0 0.12353 0 0.09411799 0 0.409804 0 0.12353 0 0.12353 0 0.152941 0 0.12353 0 0.09411799 0 0.12353 0 0.09411799 0 0.09411799 0 0.12353 0 0.996078 0.730159 0.996078 0.587302 0.996078 0.634921 0.996078 0.730159 0.996078 0.68254 0.996078 0.587302 0.996078 0.68254 0.996078 0.539683 0.996078 0.587302 0.996078 0.68254 0.996078 0.68254 0.996078 0.825397 0.996078 0.68254 0.996078 0.539683 0.996078 0.68254 0.996078 0.539683 0.996078 0.539683 0.996078 0.68254 0.996078 0.825397 0.996078 0.68254 0.996078 0.825397 0.996078 0.825397 0.996078 0.68254 0.996078 0.68254 0.996078 0.68254 0.996078 0.539683 0.996078 0.68254 0.996078 0.730159 0.996078 0.68254 0.996078 0.825397 0.996078 0.730159 0.996078 0.587302 0.996078 0.68254 0.996078 0.587302 0.996078 0.539683 0.996078 0.68254 0.839216 0.492063 0.827451 0.277777 0.866667 0.492063 0.839216 0.492063 0.8 0.277777 0.827451 0.277777 0.8 0.277777 0.788235 0.063492 0.827451 0.277777 0.996078 0.587302 0.870588 0.587302 0.996078 0.634921 0.996078 0.587302 0.870588 0.539683 0.870588 0.587302 0.870588 0.539683 0.745098 0.539683 0.870588 0.587302 0.6 0.634921 0.47451 0.587302 0.203922 0.634921 0.6 0.634921 0.870588 0.587302 0.47451 0.587302 0.870588 0.587302 0.745098 0.539683 0.47451 0.587302 0.47451 0.587302 0.464706 0.539683 0.203922 0.634921 0.47451 0.587302 0.735294 0.492063 0.464706 0.539683 0.735294 0.492063 0.72549 0.444444 0.464706 0.539683 0.1764709 0.539683 0.437255 0.444444 0.14902 0.444444 0.1764709 0.539683 0.464706 0.539683 0.437255 0.444444 0.464706 0.539683 0.72549 0.444444 0.437255 0.444444 0.437255 0.444444 0.437255 0.380952 0.14902 0.444444 0.437255 0.444444 0.72549 0.380952 0.437255 0.380952 0.72549 0.380952 0.72549 0.31746 0.437255 0.380952 0.12353 0.341269 0.411765 0.277777 0.09803897 0.238095 0.12353 0.341269 0.437255 0.380952 0.411765 0.277777 0.437255 0.380952 0.72549 0.31746 0.411765 0.277777 0.411765 0.277777 0.411765 0.1190479 0.09803897 0.238095 0.411765 0.277777 0.72549 0.15873 0.411765 0.1190479 0.72549 0.15873 0.72549 0 0.411765 0.1190479 0.09607899 0.1190479 0.409804 0 0.09411799 0 0.09607899 0.1190479 0.411765 0.1190479 0.409804 0 0.411765 0.1190479 0.72549 0 0.409804 0 0.1764709 0.539683 0.14902 0.555555 0.14902 0.444444 0.1764709 0.539683 0.1764709 0.650794 0.14902 0.555555 0.1764709 0.650794 0.14902 0.666667 0.14902 0.555555 0.203922 0.730159 0.1764709 0.650794 0.203922 0.634921 0.203922 0.730159 0.1764709 0.746032 0.1764709 0.650794 0.1764709 0.746032 0.14902 0.666667 0.1764709 0.650794 0.1764709 0.746032 0.14902 0.753968 0.14902 0.666667 0.1764709 0.746032 0.1764709 0.833333 0.14902 0.753968 0.1764709 0.833333 0.14902 0.84127 0.14902 0.753968 0.1764709 0.833333 0.1764709 0.912699 0.14902 0.84127 0.1764709 0.833333 0.203922 0.904762 0.1764709 0.912699 0.203922 0.904762 0.203922 0.984127 0.1764709 0.912699 0.203922 0.904762 0.59804 0.984127 0.203922 0.984127 0.203922 0.904762 0.59804 0.904762 0.59804 0.984127 0.59804 0.904762 0.992157 0.984127 0.59804 0.984127 0.59804 0.904762 0.992157 0.904762 0.992157 0.984127 0.59804 0.904762 0.59804 0.825397 0.992157 0.904762 0.59804 0.825397 0.992157 0.825397 0.992157 0.904762 0.59804 0.825397 0.59804 0.730159 0.992157 0.825397 0.59804 0.825397 0.203922 0.730159 0.59804 0.730159 0.203922 0.730159 0.203922 0.634921 0.59804 0.730159 0.72549 0.15873 0.72549 0.15873 0.72549 0.31746 0.72549 0.15873 0.72549 0 0.72549 0.15873 0.72549 0 0.72549 0 0.72549 0.15873 0.72549 0.222222 0.72549 0.380952 0.72549 0.444444 0.72549 0.222222 0.72549 0.15873 0.72549 0.380952 0.72549 0.15873 0.72549 0.31746 0.72549 0.380952 0.72549 0.222222 0.72549 0.444444 0.72549 0.444444 0.72549 0.222222 0.72549 0.222222 0.72549 0.444444 0.72549 0.222222 0.72549 0.444444 0.72549 0.444444 0.72549 0.15873 0.72549 0.380952 0.72549 0.31746 0.72549 0.15873 0.72549 0.222222 0.72549 0.380952 0.72549 0.222222 0.72549 0.444444 0.72549 0.380952 0.464706 0.539683 0.437255 0.444444 0.72549 0.444444 0.464706 0.539683 0.1764709 0.539683 0.437255 0.444444 0.1764709 0.539683 0.14902 0.444444 0.437255 0.444444 0.735294 0.492063 0.464706 0.539683 0.72549 0.444444 0.735294 0.492063 0.47451 0.587302 0.464706 0.539683 0.47451 0.587302 0.203922 0.634921 0.464706 0.539683 0.870588 0.587302 0.47451 0.587302 0.745098 0.539683 0.870588 0.587302 0.6 0.634921 0.47451 0.587302 0.6 0.634921 0.203922 0.634921 0.47451 0.587302 0.996078 0.587302 0.870588 0.539683 0.996078 0.539683 0.996078 0.587302 0.870588 0.587302 0.870588 0.539683 0.870588 0.587302 0.745098 0.539683 0.870588 0.539683 0.1764709 0.650794 0.14902 0.555555 0.14902 0.666667 0.1764709 0.650794 0.1764709 0.539683 0.14902 0.555555 0.1764709 0.539683 0.14902 0.444444 0.14902 0.555555 0.1764709 0.746032 0.1764709 0.650794 0.14902 0.666667 0.1764709 0.746032 0.203922 0.730159 0.1764709 0.650794 0.203922 0.730159 0.203922 0.634921 0.1764709 0.650794 0.6 0.730159 0.203922 0.730159 0.203922 0.825397 0.6 0.730159 0.6 0.634921 0.203922 0.730159 0.6 0.634921 0.203922 0.634921 0.203922 0.730159 0.6 0.730159 0.996078 0.730159 0.996078 0.634921 0.6 0.730159 0.6 0.825397 0.996078 0.730159 0.6 0.825397 0.996078 0.825397 0.996078 0.730159 0.8 0.277777 0.827451 0.277777 0.788235 0.063492 0.8 0.277777 0.839216 0.492063 0.827451 0.277777 0.839216 0.492063 0.866667 0.492063 0.827451 0.277777 0.964706 0.285714 0.941177 0.246031 0.937255 0.206349 0.964706 0.285714 0.968627 0.325396 0.941177 0.246031 0.968627 0.325396 0.945098 0.285714 0.941177 0.246031 0.9 0.198413 0.903921 0.238095 0.862745 0.190476 0.9 0.198413 0.941177 0.246031 0.903921 0.238095 0.941177 0.246031 0.945098 0.285714 0.903921 0.238095 0.903921 0.238095 0.862745 0.309523 0.862745 0.190476 0.903921 0.238095 0.903921 0.357143 0.862745 0.309523 0.903921 0.357143 0.862745 0.428571 0.862745 0.309523 0.59804 0.730159 0.992157 0.730159 0.992157 0.825397 0.59804 0.730159 0.59804 0.634921 0.992157 0.730159 0.59804 0.634921 0.992157 0.634921 0.992157 0.730159 0.285714 0.365079 0.285714 0.182539 0.63492 0.182539 0.730159 0.52381 0.642857 0.436508 0.857143 0.52381 0.984127 0.52381 0.769841 0.436508 0.984127 0.261905 0.555556 0.349206 0.428571 0.349206 0.769841 0.174603 0.222222 0.412698 0.142857 0.412698 0.222222 0.412698 0.222222 0.412698 0.142857 0.412698 0.142857 0.412698 0.063492 0.412698 0.04761898 0.428571 0.063492 0.412698 0.063492 0.412698 0.04761898 0.428571 0.04761898 0.428571 0.301587 0.365079 0.357143 0.365079 0.301587 0.444445 0.301587 0.52381 0.357143 0.444445 0.357143 0.52381 0.412698 0.365079 0.492064 0.365079 0.412698 0.444445 0.412698 0.52381 0.492064 0.444445 0.492064 0.52381 0.571429 0.365079 0.611112 0.404761 0.571429 0.444445 0.571429 0.52381 0.611112 0.484127 0.611112 0.563493 0.04761898 0.698413 0.063492 0.730159 0.03968298 0.785715 0.03174597 0.873016 0.05555599 0.817461 0.05555599 0.904762 0.07936495 0.761905 0.150793 0.761905 0.07936495 0.849207 0.07936495 0.936508 0.150793 0.849207 0.150793 0.936508 0.222222 0.761905 0.222222 0.587301 0.222222 0.761905 0.222222 0.761905 0.222222 0.587301 0.222222 0.587301 0 0 0 0.182539 0.142857 0 0.285714 0 0.142857 0.182539 0.285714 0.182539 0.984127 0.52381 0.984127 0.261905 0.984127 0.52381 0.984127 0.52381 0.984127 0.261905 0.984127 0.261905 0.984127 0 0.63492 0 0.984127 0 0.984127 0 0.63492 0 0.63492 0 0.04761898 0.698413 0.08730196 0.68254 0.063492 0.730159 0.07936495 0.761905 0.103175 0.714286 0.150793 0.761905 0.126984 0.666667 0.126984 0.579365 0.174603 0.714286 0.222222 0.761905 0.174603 0.626984 0.222222 0.587301 0.126984 0.492063 0.09523797 0.45238 0.174603 0.45238 0.126984 0.492063 0.07936495 0.468253 0.09523797 0.45238 0.285714 0.349206 0.63492 0.174603 0.285714 0.174603 0.285714 0.349206 0.420635 0.349206 0.63492 0.174603 0.984127 0 0.769841 0.174603 0.984127 0.261905 0.555556 0.349206 0.642857 0.436508 0.769841 0.436508 0.126984 0.666667 0.08730196 0.68254 0.103175 0.714286 0.222222 0.761905 0.174603 0.714286 0.150793 0.761905 0.126984 0.492063 0.126984 0.579365 0.174603 0.626984 0.222222 0.412698 0.174603 0.45238 0.222222 0.587301 0.063492 0.412698 0.09523797 0.45238 0.142857 0.412698 0.126984 0.492063 0.09523797 0.45238 0.07936495 0.468253 0.984127 0.984127 0.857143 0.984127 0.984127 0.753968 0.984127 0.52381 0.857143 0.753968 0.857143 0.52381 0.730159 0.984127 0.642857 0.912699 0.730159 0.753968 0.730159 0.52381 0.642857 0.68254 0.642857 0.436508 0.555556 0.84127 0.428571 0.84127 0.555556 0.595238 0.555556 0.349206 0.428571 0.595238 0.428571 0.349206 0.428571 0.349206 0.301587 0.595238 0.301587 0.349206 0.428571 0.349206 0.428571 0.595238 0.301587 0.595238 0.428571 0.595238 0.301587 0.84127 0.301587 0.595238 0.555556 0.595238 0.428571 0.595238 0.555556 0.349206 0.555556 0.595238 0.428571 0.84127 0.428571 0.595238 0.428571 0.84127 0.301587 0.84127 0.428571 0.595238 0.642857 0.436508 0.555556 0.595238 0.555556 0.349206 0.642857 0.436508 0.642857 0.68254 0.555556 0.595238 0.642857 0.68254 0.555556 0.84127 0.555556 0.595238 0.730159 0.753968 0.642857 0.68254 0.730159 0.52381 0.730159 0.753968 0.642857 0.912699 0.642857 0.68254 0.642857 0.912699 0.555556 0.84127 0.642857 0.68254 0.857143 0.52381 0.730159 0.753968 0.730159 0.52381 0.857143 0.52381 0.857143 0.753968 0.730159 0.753968 0.857143 0.753968 0.730159 0.984127 0.730159 0.753968 0.984127 0.753968 0.857143 0.753968 0.984127 0.52381 0.984127 0.753968 0.857143 0.984127 0.857143 0.753968 0.857143 0.984127 0.730159 0.984127 0.857143 0.753968 0.07936495 0.468253 0.04761898 0.428571 0.03174597 0.444444 0.07936495 0.468253 0.09523797 0.45238 0.04761898 0.428571 0.09523797 0.45238 0.063492 0.412698 0.04761898 0.428571 0.142857 0.412698 0.174603 0.45238 0.222222 0.412698 0.142857 0.412698 0.09523797 0.45238 0.174603 0.45238 0.09523797 0.45238 0.126984 0.492063 0.174603 0.45238 0.222222 0.587301 0.174603 0.626984 0.222222 0.761905 0.222222 0.587301 0.174603 0.45238 0.174603 0.626984 0.174603 0.45238 0.126984 0.492063 0.174603 0.626984 0.174603 0.626984 0.174603 0.714286 0.222222 0.761905 0.174603 0.626984 0.126984 0.579365 0.174603 0.714286 0.126984 0.579365 0.126984 0.666667 0.174603 0.714286 0.150793 0.761905 0.103175 0.714286 0.07936495 0.761905 0.150793 0.761905 0.174603 0.714286 0.103175 0.714286 0.174603 0.714286 0.126984 0.666667 0.103175 0.714286 0.103175 0.714286 0.063492 0.730159 0.07936495 0.761905 0.103175 0.714286 0.08730196 0.68254 0.063492 0.730159 0.08730196 0.68254 0.04761898 0.698413 0.063492 0.730159 0.769841 0.436508 0.857143 0.52381 0.984127 0.52381 0.769841 0.436508 0.642857 0.436508 0.857143 0.52381 0.642857 0.436508 0.730159 0.52381 0.857143 0.52381 0.984127 0.261905 0.769841 0.436508 0.984127 0.52381 0.984127 0.261905 0.769841 0.174603 0.769841 0.436508 0.769841 0.174603 0.555556 0.349206 0.769841 0.436508 0.63492 0.174603 0.769841 0.174603 0.984127 0 0.63492 0.174603 0.420635 0.349206 0.769841 0.174603 0.420635 0.349206 0.555556 0.349206 0.769841 0.174603 0.285714 0.174603 0.63492 0 0.285714 0 0.285714 0.174603 0.63492 0.174603 0.63492 0 0.63492 0.174603 0.984127 0 0.63492 0 0.09523797 0.45238 0.04761898 0.428571 0.063492 0.412698 0.09523797 0.45238 0.07936495 0.468253 0.04761898 0.428571 0.07936495 0.468253 0.03174597 0.444444 0.04761898 0.428571 0.174603 0.45238 0.142857 0.412698 0.222222 0.412698 0.174603 0.45238 0.09523797 0.45238 0.142857 0.412698 0.09523797 0.45238 0.063492 0.412698 0.142857 0.412698 0.222222 0.587301 0.174603 0.45238 0.222222 0.412698 0.222222 0.587301 0.174603 0.626984 0.174603 0.45238 0.174603 0.626984 0.126984 0.492063 0.174603 0.45238 0.174603 0.714286 0.174603 0.626984 0.222222 0.761905 0.174603 0.714286 0.126984 0.579365 0.174603 0.626984 0.126984 0.579365 0.126984 0.492063 0.174603 0.626984 0.150793 0.761905 0.174603 0.714286 0.222222 0.761905 0.150793 0.761905 0.103175 0.714286 0.174603 0.714286 0.103175 0.714286 0.126984 0.666667 0.174603 0.714286 0.063492 0.730159 0.103175 0.714286 0.07936495 0.761905 0.063492 0.730159 0.08730196 0.68254 0.103175 0.714286 0.08730196 0.68254 0.126984 0.666667 0.103175 0.714286 0.63492 0 0.285714 0 0.285714 0 0.63492 0 0.63492 0 0.285714 0 0.63492 0 0.285714 0 0.285714 0 0.984127 0 0.63492 0 0.984127 0 0.984127 0 0.63492 0 0.63492 0 0.63492 0 0.285714 0 0.63492 0 0.984127 0.261905 0.984127 0 0.984127 0 0.984127 0.261905 0.984127 0.261905 0.984127 0 0.984127 0.261905 0.984127 0 0.984127 0 0.984127 0.52381 0.984127 0.261905 0.984127 0.52381 0.984127 0.52381 0.984127 0.261905 0.984127 0.261905 0.984127 0.261905 0.984127 0 0.984127 0.261905 0.285714 0.182539 0.142857 0.365079 0.285714 0.365079 0.285714 0.182539 0.142857 0.182539 0.142857 0.365079 0.142857 0.182539 0 0.365079 0.142857 0.365079 0.142857 0 0.142857 0.182539 0.285714 0 0.142857 0 0 0.182539 0.142857 0.182539 0 0.182539 0 0.365079 0.142857 0.182539 0.222222 0.587301 0.222222 0.412698 0.222222 0.412698 0.222222 0.587301 0.222222 0.587301 0.222222 0.412698 0.222222 0.587301 0.222222 0.412698 0.222222 0.412698 0.222222 0.761905 0.222222 0.587301 0.222222 0.761905 0.222222 0.761905 0.222222 0.587301 0.222222 0.587301 0.222222 0.587301 0.222222 0.412698 0.222222 0.587301 0.150793 0.936508 0.222222 0.849207 0.222222 0.936508 0.150793 0.936508 0.150793 0.849207 0.222222 0.849207 0.150793 0.849207 0.222222 0.761905 0.222222 0.849207 0.07936495 0.849207 0.150793 0.849207 0.07936495 0.936508 0.07936495 0.849207 0.150793 0.761905 0.150793 0.849207 0.150793 0.761905 0.222222 0.761905 0.150793 0.849207 0.05555599 0.904762 0.07936495 0.849207 0.07936495 0.936508 0.05555599 0.904762 0.05555599 0.817461 0.07936495 0.849207 0.05555599 0.817461 0.07936495 0.761905 0.07936495 0.849207 0.03968298 0.785715 0.05555599 0.817461 0.03174597 0.873016 0.03968298 0.785715 0.063492 0.730159 0.05555599 0.817461 0.063492 0.730159 0.07936495 0.761905 0.05555599 0.817461 0.611112 0.563493 0.650794 0.523809 0.650794 0.603175 0.611112 0.563493 0.611112 0.484127 0.650794 0.523809 0.611112 0.484127 0.650794 0.444444 0.650794 0.523809 0.571429 0.444445 0.611112 0.484127 0.571429 0.52381 0.571429 0.444445 0.611112 0.404761 0.611112 0.484127 0.611112 0.404761 0.650794 0.444444 0.611112 0.484127 0.492064 0.52381 0.571429 0.444445 0.571429 0.52381 0.492064 0.52381 0.492064 0.444445 0.571429 0.444445 0.492064 0.444445 0.571429 0.365079 0.571429 0.444445 0.412698 0.444445 0.492064 0.444445 0.412698 0.52381 0.412698 0.444445 0.492064 0.365079 0.492064 0.444445 0.492064 0.365079 0.571429 0.365079 0.492064 0.444445 0.357143 0.52381 0.412698 0.444445 0.412698 0.52381 0.357143 0.52381 0.357143 0.444445 0.412698 0.444445 0.357143 0.444445 0.412698 0.365079 0.412698 0.444445 0.301587 0.444445 0.357143 0.444445 0.301587 0.52381 0.301587 0.444445 0.357143 0.365079 0.357143 0.444445 0.357143 0.365079 0.412698 0.365079 0.357143 0.444445 0.04761898 0.428571 0.03174597 0.444444 0.03174597 0.444444 0.04761898 0.428571 0.04761898 0.428571 0.03174597 0.444444 0.04761898 0.428571 0.03174597 0.444444 0.03174597 0.444444 0.063492 0.412698 0.04761898 0.428571 0.063492 0.412698 0.063492 0.412698 0.04761898 0.428571 0.04761898 0.428571 0.04761898 0.428571 0.03174597 0.444444 0.04761898 0.428571 0.142857 0.412698 0.063492 0.412698 0.063492 0.412698 0.142857 0.412698 0.142857 0.412698 0.063492 0.412698 0.142857 0.412698 0.063492 0.412698 0.063492 0.412698 0.222222 0.412698 0.142857 0.412698 0.222222 0.412698 0.222222 0.412698 0.142857 0.412698 0.142857 0.412698 0.142857 0.412698 0.063492 0.412698 0.142857 0.412698 0.769841 0.174603 0.642857 0.174603 0.984127 0 0.769841 0.174603 0.428571 0.349206 0.642857 0.174603 0.428571 0.349206 0.301587 0.349206 0.642857 0.174603 0.984127 0.261905 0.769841 0.174603 0.984127 0 0.984127 0.261905 0.769841 0.436508 0.769841 0.174603 0.769841 0.436508 0.555556 0.349206 0.769841 0.174603 0.857143 0.52381 0.769841 0.436508 0.984127 0.52381 0.857143 0.52381 0.642857 0.436508 0.769841 0.436508 0.642857 0.436508 0.555556 0.349206 0.769841 0.436508 0.63492 0.182539 0.63492 0 0.984127 0 0.63492 0.182539 0.285714 0.182539 0.63492 0 0.285714 0.182539 0.285714 0 0.63492 0 0.571429 0 0.293651 0.063492 0.571429 0 0.571429 0 0.293651 0.063492 0.293651 0.063492 0.253968 0.984127 0.619048 0.984127 0.253968 0.984127 0.253968 0.984127 0.619048 0.984127 0.619048 0.984127 0.01587295 0.126984 0.293651 0.063492 0.333334 0.253968 0.650794 0.380952 0.611112 0.190476 0.650794 0.380952 0.650794 0.380952 0.650794 0.380952 0.817461 0.523809 0.984127 0.666667 0.817461 0.523809 0.690476 0.698413 0.984127 0.984127 0.984127 0.825397 0.690476 0.857143 0.984127 0.984127 0.690476 0.857143 0.619048 0.984127 0.396825 0.730159 0.325396 0.857143 0.325396 0.857143 0.396825 0.730159 0.325396 0.857143 0.396825 0.730159 0.253968 0.984127 0.325396 0.857143 0.619048 0.984127 0.984127 0.984127 0.690476 0.857143 0.984127 0.825397 0.984127 0.984127 0.984127 0.984127 0.984127 0.825397 0.984127 0.984127 0.984127 0.825397 0.984127 0.825397 0.984127 0.666667 0.817461 0.523809 0.984127 0.666667 0.396825 0.730159 0.523809 0.555555 0.690476 0.698413 0.396825 0.730159 0.206349 0.428571 0.523809 0.555555 0.01587295 0.126984 0.01587295 0.126984 0.206349 0.428571 0.396825 0.730159 0.206349 0.428571 0.396825 0.730159 0.650794 0.380952 0.333334 0.253968 0.523809 0.555555 0.650794 0.380952 0.611112 0.190476 0.333334 0.253968 0.571429 0 0.571429 0 0.611112 0.190476 0.611112 0.190476 0.611112 0.190476 0.650794 0.380952 0.611112 0.190476 0.571429 0 0.611112 0.190476 0.571429 0 0.571429 0 0.611112 0.190476 0.333334 0.253968 0.293651 0.063492 0.01587295 0.126984 0.333334 0.253968 0.611112 0.190476 0.293651 0.063492 0.611112 0.190476 0.571429 0 0.293651 0.063492 0.523809 0.555555 0.206349 0.428571 0.396825 0.730159 0.523809 0.555555 0.333334 0.253968 0.206349 0.428571 0.333334 0.253968 0.01587295 0.126984 0.206349 0.428571 0.396825 0.730159 0.206349 0.428571 0.396825 0.730159 0.396825 0.730159 0.206349 0.428571 0.206349 0.428571 0.206349 0.428571 0.01587295 0.126984 0.206349 0.428571 0.206349 0.428571 0.206349 0.428571 0.396825 0.730159 0.206349 0.428571 0.01587295 0.126984 0.206349 0.428571 0.01587295 0.126984 0.01587295 0.126984 0.206349 0.428571 0.523809 0.555555 0.333334 0.253968 0.650794 0.380952 0.523809 0.555555 0.206349 0.428571 0.333334 0.253968 0.206349 0.428571 0.01587295 0.126984 0.333334 0.253968 0.690476 0.698413 0.817461 0.523809 0.984127 0.666667 0.690476 0.698413 0.523809 0.555555 0.817461 0.523809 0.523809 0.555555 0.650794 0.380952 0.817461 0.523809 0.984127 0.666667 0.817461 0.523809 0.984127 0.666667 0.984127 0.666667 0.817461 0.523809 0.817461 0.523809 0.817461 0.523809 0.650794 0.380952 0.817461 0.523809 0.984127 0.825397 0.984127 0.666667 0.984127 0.666667 0.984127 0.825397 0.984127 0.825397 0.984127 0.666667 0.984127 0.825397 0.984127 0.666667 0.984127 0.666667 0.984127 0.825397 0.984127 0.825397 0.984127 0.666667 0.984127 0.825397 0.984127 0.984127 0.984127 0.825397 0.984127 0.984127 0.984127 0.984127 0.984127 0.825397 0.984127 0.825397 0.690476 0.698413 0.984127 0.666667 0.984127 0.825397 0.690476 0.857143 0.690476 0.698413 0.690476 0.857143 0.396825 0.730159 0.690476 0.698413 0.619048 0.984127 0.690476 0.857143 0.984127 0.984127 0.619048 0.984127 0.325396 0.857143 0.690476 0.857143 0.325396 0.857143 0.396825 0.730159 0.690476 0.857143 0.396825 0.730159 0.325396 0.857143 0.396825 0.730159 0.396825 0.730159 0.325396 0.857143 0.325396 0.857143 0.325396 0.857143 0.253968 0.984127 0.325396 0.857143 0.325396 0.857143 0.253968 0.984127 0.253968 0.984127 0.325396 0.857143 0.325396 0.857143 0.253968 0.984127 0.325396 0.857143 0.253968 0.984127 0.253968 0.984127 0.619048 0.984127 0.325396 0.857143 0.253968 0.984127 0.619048 0.984127 0.690476 0.857143 0.325396 0.857143 0.690476 0.857143 0.396825 0.730159 0.325396 0.857143 0.690476 0.857143 0.690476 0.698413 0.396825 0.730159 0.690476 0.857143 0.984127 0.825397 0.690476 0.698413 0.984127 0.825397 0.984127 0.666667 0.690476 0.698413 0.690476 0.698413 0.523809 0.555555 0.396825 0.730159 0.690476 0.698413 0.817461 0.523809 0.523809 0.555555 0.817461 0.523809 0.650794 0.380952 0.523809 0.555555 0.817461 0.523809 0.817461 0.523809 0.984127 0.666667 0.817461 0.523809 0.650794 0.380952 0.817461 0.523809 0.650794 0.380952 0.650794 0.380952 0.817461 0.523809 0.650794 0.380952 0.611112 0.190476 0.650794 0.380952 0.650794 0.380952 0.611112 0.190476 0.611112 0.190476 0.611112 0.190476 0.571429 0 0.611112 0.190476 0.333334 0.253968 0.611112 0.190476 0.650794 0.380952 0.333334 0.253968 0.293651 0.063492 0.611112 0.190476 0.293651 0.063492 0.571429 0 0.611112 0.190476 0.619048 0.984127 0.984127 0.984127 0.984127 0.984127 0.619048 0.984127 0.619048 0.984127 0.984127 0.984127 0.619048 0.984127 0.984127 0.984127 0.984127 0.984127 0.253968 0.984127 0.619048 0.984127 0.253968 0.984127 0.253968 0.984127 0.619048 0.984127 0.619048 0.984127 0.619048 0.984127 0.984127 0.984127 0.619048 0.984127 0.293651 0.063492 0.01587295 0.126984 0.01587295 0.126984 0.293651 0.063492 0.293651 0.063492 0.01587295 0.126984 0.293651 0.063492 0.01587295 0.126984 0.01587295 0.126984 0.571429 0 0.293651 0.063492 0.571429 0 0.571429 0 0.293651 0.063492 0.293651 0.063492 0.293651 0.063492 0.01587295 0.126984 0.293651 0.063492 0.984127 0.283465 0.611111 0.141732 0.984127 0.283465 0.984127 0.283465 0.611111 0.141732 0.611111 0.141732 0.238095 0.992126 0.611111 0.992126 0.238095 0.992126 0.238095 0.992126 0.611111 0.992126 0.611111 0.992126 0.984127 0.283465 0.984127 0.346457 0.611111 0.141732 0.238095 0 0.611111 0.204725 0.238095 0.114173 0.984127 0.409449 0.984127 0.480315 0.611111 0.318898 0.238095 0.228346 0.611111 0.389764 0.238095 0.334646 0.984127 0.551181 0.984127 0.665354 0.611111 0.496063 0.238095 0.440945 0.611111 0.610237 0.238095 0.586614 0.984127 0.779528 0.984127 0.885827 0.611111 0.755906 0.238095 0.732283 0.611111 0.862204 0.238095 0.862204 0.984127 0.283465 0.984127 0.346457 0.984127 0.283465 0.984127 0.283465 0.984127 0.346457 0.984127 0.346457 0.984127 0.409449 0.984127 0.480315 0.984127 0.409449 0.984127 0.409449 0.984127 0.480315 0.984127 0.480315 0.984127 0.551181 0.984127 0.665354 0.984127 0.551181 0.984127 0.551181 0.984127 0.665354 0.984127 0.665354 0.984127 0.779528 0.984127 0.885827 0.984127 0.779528 0.984127 0.779528 0.984127 0.885827 0.984127 0.885827 0.238095 0 0.238095 0.114173 0.1190479 0 0 0 0.1190479 0.114173 0 0.114173 0.238095 0.228346 0.238095 0.334646 0.1190479 0.228346 0 0.228346 0.1190479 0.334646 0 0.334646 0.238095 0.440945 0.238095 0.586614 0.1190479 0.440945 0 0.440945 0.1190479 0.586614 0 0.586614 0.238095 0.732283 0.238095 0.862204 0.1190479 0.732283 0 0.732283 0.1190479 0.862204 0 0.862204 0.238095 0 0.611111 0.204725 0.611111 0.141732 0.238095 0 0.238095 0.114173 0.611111 0.204725 0.984127 0.409449 0.611111 0.318898 0.984127 0.480315 0.238095 0.228346 0.238095 0.334646 0.611111 0.389764 0.984127 0.551181 0.611111 0.496063 0.984127 0.665354 0.238095 0.440945 0.238095 0.586614 0.611111 0.610237 0.984127 0.779528 0.611111 0.755906 0.984127 0.885827 0.238095 0.732283 0.238095 0.862204 0.611111 0.862204 0.611111 0.862204 0.611111 0.992126 0.984127 0.992126 0.611111 0.862204 0.238095 0.862204 0.611111 0.992126 0.238095 0.862204 0.238095 0.992126 0.611111 0.992126 0.984127 0.885827 0.611111 0.862204 0.984127 0.992126 0.984127 0.885827 0.611111 0.755906 0.611111 0.862204 0.611111 0.755906 0.238095 0.732283 0.611111 0.862204 0.611111 0.610237 0.611111 0.755906 0.984127 0.779528 0.611111 0.610237 0.238095 0.586614 0.611111 0.755906 0.238095 0.586614 0.238095 0.732283 0.611111 0.755906 0.984127 0.665354 0.611111 0.610237 0.984127 0.779528 0.984127 0.665354 0.611111 0.496063 0.611111 0.610237 0.611111 0.496063 0.238095 0.440945 0.611111 0.610237 0.611111 0.389764 0.611111 0.496063 0.984127 0.551181 0.611111 0.389764 0.238095 0.334646 0.611111 0.496063 0.238095 0.334646 0.238095 0.440945 0.611111 0.496063 0.984127 0.480315 0.611111 0.389764 0.984127 0.551181 0.984127 0.480315 0.611111 0.318898 0.611111 0.389764 0.611111 0.318898 0.238095 0.228346 0.611111 0.389764 0.611111 0.204725 0.611111 0.318898 0.984127 0.409449 0.611111 0.204725 0.238095 0.114173 0.611111 0.318898 0.238095 0.114173 0.238095 0.228346 0.611111 0.318898 0.611111 0.141732 0.984127 0.346457 0.984127 0.283465 0.611111 0.141732 0.611111 0.204725 0.984127 0.346457 0.611111 0.204725 0.984127 0.409449 0.984127 0.346457 0 0.862204 0.1190479 0.992126 0 0.992126 0 0.862204 0.1190479 0.862204 0.1190479 0.992126 0.1190479 0.862204 0.238095 0.992126 0.1190479 0.992126 0.1190479 0.732283 0.1190479 0.862204 0 0.732283 0.1190479 0.732283 0.238095 0.862204 0.1190479 0.862204 0.238095 0.862204 0.238095 0.992126 0.1190479 0.862204 0 0.586614 0.1190479 0.732283 0 0.732283 0 0.586614 0.1190479 0.586614 0.1190479 0.732283 0.1190479 0.586614 0.238095 0.732283 0.1190479 0.732283 0.1190479 0.440945 0.1190479 0.586614 0 0.440945 0.1190479 0.440945 0.238095 0.586614 0.1190479 0.586614 0.238095 0.586614 0.238095 0.732283 0.1190479 0.586614 0 0.334646 0.1190479 0.440945 0 0.440945 0 0.334646 0.1190479 0.334646 0.1190479 0.440945 0.1190479 0.334646 0.238095 0.440945 0.1190479 0.440945 0.1190479 0.228346 0.1190479 0.334646 0 0.228346 0.1190479 0.228346 0.238095 0.334646 0.1190479 0.334646 0.238095 0.334646 0.238095 0.440945 0.1190479 0.334646 0 0.114173 0.1190479 0.228346 0 0.228346 0 0.114173 0.1190479 0.114173 0.1190479 0.228346 0.1190479 0.114173 0.238095 0.228346 0.1190479 0.228346 0.1190479 0 0.1190479 0.114173 0 0 0.1190479 0 0.238095 0.114173 0.1190479 0.114173 0.238095 0.114173 0.238095 0.228346 0.1190479 0.114173 0.984127 0.885827 0.984127 0.992126 0.984127 0.992126 0.984127 0.885827 0.984127 0.885827 0.984127 0.992126 0.984127 0.885827 0.984127 0.992126 0.984127 0.992126 0.984127 0.779528 0.984127 0.885827 0.984127 0.779528 0.984127 0.779528 0.984127 0.885827 0.984127 0.885827 0.984127 0.885827 0.984127 0.992126 0.984127 0.885827 0.984127 0.665354 0.984127 0.779528 0.984127 0.779528 0.984127 0.665354 0.984127 0.665354 0.984127 0.779528 0.984127 0.665354 0.984127 0.779528 0.984127 0.779528 0.984127 0.551181 0.984127 0.665354 0.984127 0.551181 0.984127 0.551181 0.984127 0.665354 0.984127 0.665354 0.984127 0.665354 0.984127 0.779528 0.984127 0.665354 0.984127 0.480315 0.984127 0.551181 0.984127 0.551181 0.984127 0.480315 0.984127 0.480315 0.984127 0.551181 0.984127 0.480315 0.984127 0.551181 0.984127 0.551181 0.984127 0.409449 0.984127 0.480315 0.984127 0.409449 0.984127 0.409449 0.984127 0.480315 0.984127 0.480315 0.984127 0.480315 0.984127 0.551181 0.984127 0.480315 0.984127 0.346457 0.984127 0.409449 0.984127 0.409449 0.984127 0.346457 0.984127 0.346457 0.984127 0.409449 0.984127 0.346457 0.984127 0.409449 0.984127 0.409449 0.984127 0.283465 0.984127 0.346457 0.984127 0.283465 0.984127 0.283465 0.984127 0.346457 0.984127 0.346457 0.984127 0.346457 0.984127 0.409449 0.984127 0.346457 0.238095 0.862204 0.611111 0.992126 0.238095 0.992126 0.238095 0.862204 0.611111 0.862204 0.611111 0.992126 0.611111 0.862204 0.984127 0.992126 0.611111 0.992126 0.611111 0.755906 0.611111 0.862204 0.238095 0.732283 0.611111 0.755906 0.984127 0.885827 0.611111 0.862204 0.984127 0.885827 0.984127 0.992126 0.611111 0.862204 0.238095 0.586614 0.611111 0.755906 0.238095 0.732283 0.238095 0.586614 0.611111 0.610237 0.611111 0.755906 0.611111 0.610237 0.984127 0.779528 0.611111 0.755906 0.611111 0.496063 0.611111 0.610237 0.238095 0.440945 0.611111 0.496063 0.984127 0.665354 0.611111 0.610237 0.984127 0.665354 0.984127 0.779528 0.611111 0.610237 0.238095 0.334646 0.611111 0.496063 0.238095 0.440945 0.238095 0.334646 0.611111 0.389764 0.611111 0.496063 0.611111 0.389764 0.984127 0.551181 0.611111 0.496063 0.611111 0.318898 0.611111 0.389764 0.238095 0.228346 0.611111 0.318898 0.984127 0.480315 0.611111 0.389764 0.984127 0.480315 0.984127 0.551181 0.611111 0.389764 0.238095 0.114173 0.611111 0.318898 0.238095 0.228346 0.238095 0.114173 0.611111 0.204725 0.611111 0.318898 0.611111 0.204725 0.984127 0.409449 0.611111 0.318898 0.611111 0.141732 0.611111 0.204725 0.238095 0 0.611111 0.141732 0.984127 0.346457 0.611111 0.204725 0.984127 0.346457 0.984127 0.409449 0.611111 0.204725 0.611111 0.992126 0.984127 0.992126 0.984127 0.992126 0.611111 0.992126 0.611111 0.992126 0.984127 0.992126 0.611111 0.992126 0.984127 0.992126 0.984127 0.992126 0.238095 0.992126 0.611111 0.992126 0.238095 0.992126 0.238095 0.992126 0.611111 0.992126 0.611111 0.992126 0.611111 0.992126 0.984127 0.992126 0.611111 0.992126 0.611111 0.141732 0.238095 0 0.238095 0 0.611111 0.141732 0.611111 0.141732 0.238095 0 0.611111 0.141732 0.238095 0 0.238095 0 0.984127 0.283465 0.611111 0.141732 0.984127 0.283465 0.984127 0.283465 0.611111 0.141732 0.611111 0.141732 0.611111 0.141732 0.238095 0 0.611111 0.141732 0.996078 0 0.996078 0 0.965931 2.46e-4 0.996078 0 0.965931 2.46e-4 0.935784 4.92e-4 0.543873 0.003690958 0.513726 0.003936946 0.996078 0 0.57402 0.003444969 0.543873 0.003690958 0.996078 0 0.996078 0 0.935784 4.92e-4 0.905637 7.38e-4 0.87549 9.84e-4 0.845343 0.001229941 0.815196 0.001475989 0.996078 0 0.905637 7.38e-4 0.87549 9.84e-4 0.604167 0.003198981 0.57402 0.003444969 0.996078 0 0.694608 0.002460956 0.664461 0.002706944 0.634314 0.002952992 0.634314 0.002952992 0.604167 0.003198981 0.754902 0.001967966 0.604167 0.003198981 0.996078 0 0.754902 0.001967966 0.996078 0 0.87549 9.84e-4 0.785049 0.001721978 0.87549 9.84e-4 0.815196 0.001475989 0.785049 0.001721978 0.694608 0.002460956 0.634314 0.002952992 0.754902 0.001967966 0.754902 0.001967966 0.724755 0.002214968 0.694608 0.002460956 0.965931 2.46e-4 0.996078 0 0.513726 0.003936946 0.513726 0.003936946 0.513726 0.003936946 0.543873 0.003690958 0.57402 0.003444969 0.604167 0.003198981 0.513726 0.003936946 0.604167 0.003198981 0.634314 0.002952992 0.513726 0.003936946 0.513726 0.003936946 0.543873 0.003690958 0.57402 0.003444969 0.935784 4.92e-4 0.965931 2.46e-4 0.905637 7.38e-4 0.965931 2.46e-4 0.513726 0.003936946 0.905637 7.38e-4 0.664461 0.002706944 0.694608 0.002460956 0.724755 0.002214968 0.513726 0.003936946 0.634314 0.002952992 0.664461 0.002706944 0.87549 9.84e-4 0.905637 7.38e-4 0.513726 0.003936946 0.785049 0.001721978 0.815196 0.001475989 0.724755 0.002214968 0.815196 0.001475989 0.845343 0.001229941 0.724755 0.002214968 0.845343 0.001229941 0.87549 9.84e-4 0.513726 0.003936946 0.513726 0.003936946 0.664461 0.002706944 0.845343 0.001229941 0.664461 0.002706944 0.724755 0.002214968 0.845343 0.001229941</float_array>
          <technique_common>
            <accessor source="#v_ak47_body2_model0-mesh-map-0-array" count="5538" stride="2">
              <param name="S" type="float"/>
              <param name="T" type="float"/>
            </accessor>
          </technique_common>
        </source>
        <vertices id="v_ak47_body2_model0-mesh-vertices">
          <input semantic="POSITION" source="#v_ak47_body2_model0-mesh-positions"/>
        </vertices>
        <triangles material="wood-material" count="80">
          <input semantic="VERTEX" source="#v_ak47_body2_model0-mesh-vertices" offset="0"/>
          <input semantic="NORMAL" source="#v_ak47_body2_model0-mesh-normals" offset="1"/>
          <input semantic="TEXCOORD" source="#v_ak47_body2_model0-mesh-map-0" offset="2" set="0"/>
          <p>0 0 0 259 1 1 258 2 2 2 3 3 260 4 4 261 5 5 4 6 6 264 7 7 263 8 8 1 9 9 259 10 10 265 11 11 5 12 12 267 13 13 265 11 14 6 14 15 269 15 16 268 16 17 1 9 18 270 17 19 262 18 20 7 19 21 272 20 22 271 21 23 3 22 24 273 23 25 274 24 26 9 25 27 276 26 28 274 24 29 10 27 30 278 28 31 277 29 32 11 30 33 280 31 34 279 32 35 7 33 36 269 34 37 272 35 38 8 36 39 281 37 40 275 38 41 2 39 42 264 7 43 258 40 44 0 41 45 283 42 46 266 43 47 4 6 48 278 28 49 284 44 50 5 12 51 285 45 52 279 32 53 10 27 54 277 29 55 286 46 56 11 30 57 287 47 58 280 31 59 280 31 60 282 48 61 6 14 62 280 31 63 287 47 64 282 48 65 287 47 66 9 25 67 282 48 68 286 46 69 287 47 70 11 30 71 286 46 72 277 29 73 287 47 74 277 29 75 9 25 76 287 47 77 279 32 78 286 46 79 11 30 80 279 32 81 285 45 82 286 46 83 285 45 84 10 27 85 286 46 86 284 44 87 285 45 88 5 12 89 284 44 90 278 28 91 285 45 92 278 28 93 10 27 94 285 45 95 266 43 96 284 44 97 5 12 98 266 43 99 283 42 100 284 44 101 283 42 102 4 6 103 284 44 104 258 40 105 283 42 106 0 41 107 258 40 108 264 7 109 283 42 110 264 7 111 4 6 112 283 42 113 275 38 114 282 49 115 9 50 116 275 38 117 281 37 118 282 49 119 281 37 120 6 51 121 282 49 122 272 35 123 281 37 124 8 36 125 272 35 126 269 34 127 281 37 128 269 34 129 6 51 130 281 37 131 279 32 132 267 13 133 5 12 134 279 32 135 280 31 136 267 13 137 280 31 138 6 14 139 267 13 140 277 29 141 276 26 142 9 25 143 277 29 144 278 28 145 276 26 146 278 28 147 4 6 148 276 26 149 274 24 150 263 8 151 3 22 152 274 24 153 276 26 154 263 8 155 276 26 156 4 6 157 263 8 158 274 24 159 275 52 160 9 25 161 274 24 162 273 23 163 275 52 164 273 23 165 8 53 166 275 52 167 271 21 168 273 23 169 3 22 170 271 21 171 272 20 172 273 23 173 272 20 174 8 53 175 273 23 176 262 18 177 271 21 178 3 22 179 262 18 180 270 17 181 271 21 182 270 17 183 7 19 184 271 21 185 268 16 186 270 17 187 1 9 188 268 16 189 269 15 190 270 17 191 269 15 192 7 19 193 270 17 194 265 11 195 268 16 196 1 9 197 265 11 198 267 13 199 268 16 200 267 13 201 6 14 202 268 16 203 265 11 204 266 43 205 5 12 206 265 11 207 259 10 208 266 43 209 259 10 210 0 41 211 266 43 212 263 8 213 261 54 214 3 22 215 263 8 216 264 7 217 261 54 218 264 7 219 2 39 220 261 54 221 261 5 222 262 55 223 3 56 224 261 5 225 260 4 226 262 55 227 260 4 228 1 57 229 262 55 230 258 2 231 260 4 232 2 3 233 258 2 234 259 1 235 260 4 236 259 1 237 1 57 238 260 4 239</p>
        </triangles>
        <triangles material="lower_body-material" count="270">
          <input semantic="VERTEX" source="#v_ak47_body2_model0-mesh-vertices" offset="0"/>
          <input semantic="NORMAL" source="#v_ak47_body2_model0-mesh-normals" offset="1"/>
          <input semantic="TEXCOORD" source="#v_ak47_body2_model0-mesh-map-0" offset="2" set="0"/>
          <p>12 58 240 289 58 241 288 58 242 15 59 243 292 60 244 291 61 245 15 59 246 294 62 247 292 60 248 16 63 249 295 64 250 296 65 251 18 66 252 298 67 253 297 68 254 21 69 255 301 70 256 300 71 257 21 69 258 303 72 259 301 70 260 21 69 261 305 73 262 303 72 263 21 69 264 307 74 265 305 73 266 27 75 267 310 75 268 309 75 269 30 76 270 313 77 271 312 78 272 30 76 273 315 79 274 313 77 275 30 76 276 317 80 277 315 79 278 30 76 279 319 81 280 317 80 281 12 74 282 288 82 283 321 83 284 27 74 285 322 84 286 310 74 287 14 85 288 290 86 289 323 87 290 28 88 291 324 89 292 311 90 293 13 91 294 289 92 295 325 93 296 29 94 297 326 95 298 309 96 299 36 97 300 328 98 301 327 99 302 38 100 303 329 101 304 330 102 305 40 103 306 333 104 307 332 105 308 42 106 309 334 107 310 335 108 311 41 109 312 333 110 313 337 111 314 38 112 315 338 113 316 327 114 317 40 75 318 332 115 319 339 75 320 36 75 321 340 116 322 328 117 323 42 118 324 335 119 325 341 118 326 37 118 327 342 120 328 331 121 329 43 122 330 336 123 331 343 124 332 39 125 333 344 126 334 330 127 335 44 128 336 346 129 337 345 130 338 19 131 339 347 132 340 296 133 341 45 134 342 349 135 343 348 136 344 16 137 345 350 138 346 293 139 347 46 140 348 352 141 349 351 142 350 17 143 351 353 144 352 291 145 353 47 146 354 355 147 355 354 148 356 15 149 357 356 150 358 294 151 359 48 152 360 358 153 361 357 154 362 18 155 363 359 156 364 298 157 365 49 146 366 361 147 367 360 148 368 20 149 369 362 150 370 299 151 371 34 158 372 320 159 373 363 160 374 22 161 375 364 162 376 302 163 377 35 164 378 319 165 379 365 166 380 23 167 381 366 168 382 300 169 383 30 118 384 312 170 385 367 118 386 21 118 387 368 171 388 307 172 389 32 146 390 314 147 391 369 148 392 26 149 393 370 173 394 308 151 395 31 174 396 316 175 397 371 176 398 25 177 399 372 178 400 306 179 401 33 180 402 318 181 403 373 182 404 24 183 405 374 184 406 304 185 407 46 186 408 349 187 409 352 188 410 47 189 411 375 190 412 355 191 413 45 192 414 346 193 415 376 194 416 48 195 417 377 196 418 358 197 419 358 197 420 361 198 421 49 186 422 358 197 423 377 196 424 361 198 425 377 196 426 44 186 427 361 198 428 376 194 429 377 196 430 48 195 431 376 194 432 346 193 433 377 196 434 346 193 435 44 186 436 377 196 437 355 191 438 376 194 439 48 195 440 355 191 441 375 190 442 376 194 443 375 190 444 45 192 445 376 194 446 352 188 447 375 190 448 47 189 449 352 188 450 349 187 451 375 190 452 349 187 453 45 192 454 375 190 455 304 185 456 363 199 457 22 75 458 304 185 459 374 184 460 363 199 461 374 184 462 34 200 463 363 199 464 24 183 465 945 201 466 937 202 467 950 203 468 937 202 469 945 201 470 318 181 471 34 200 472 374 184 473 306 179 474 373 204 475 24 205 476 306 179 477 372 178 478 373 204 479 372 178 480 33 206 481 373 204 482 371 176 483 372 178 484 25 177 485 371 176 486 316 175 487 372 178 488 316 175 489 33 206 490 372 178 491 308 151 492 371 207 493 25 151 494 308 151 495 370 173 496 371 207 497 370 173 498 31 208 499 371 207 500 369 148 501 370 173 502 26 149 503 369 148 504 314 147 505 370 173 506 314 147 507 31 208 508 370 173 509 307 172 510 369 209 511 26 210 512 307 172 513 368 171 514 369 209 515 368 171 516 32 211 517 369 209 518 367 118 519 368 171 520 21 118 521 367 118 522 312 170 523 368 171 524 312 170 525 32 211 526 368 171 527 300 169 528 367 212 529 21 213 530 300 169 531 366 168 532 367 212 533 366 168 534 30 214 535 367 212 536 365 166 537 366 168 538 23 167 539 365 166 540 319 165 541 366 168 542 319 165 543 30 214 544 366 168 545 302 163 546 365 215 547 23 216 548 302 163 549 364 162 550 365 215 551 364 162 552 35 217 553 365 215 554 363 160 555 364 162 556 22 161 557 363 160 558 320 159 559 364 162 560 320 159 561 35 217 562 364 162 563 299 151 564 345 207 565 19 151 566 299 151 567 362 150 568 345 207 569 362 150 570 44 208 571 345 207 572 360 148 573 362 150 574 20 149 575 360 148 576 361 147 577 362 150 578 361 147 579 44 208 580 362 150 581 298 157 582 360 218 583 20 219 584 298 157 585 359 156 586 360 218 587 359 156 588 49 220 589 360 218 590 357 154 591 359 156 592 18 155 593 357 154 594 358 153 595 359 156 596 358 153 597 49 220 598 359 156 599 294 151 600 357 207 601 18 151 602 294 151 603 356 150 604 357 207 605 356 150 606 48 208 607 357 207 608 354 148 609 356 150 610 15 149 611 354 148 612 355 147 613 356 150 614 355 147 615 48 208 616 356 150 617 291 145 618 354 221 619 15 222 620 291 145 621 353 144 622 354 221 623 353 144 624 47 223 625 354 221 626 351 142 627 353 144 628 17 143 629 351 142 630 352 141 631 353 144 632 352 141 633 47 223 634 353 144 635 293 139 636 351 224 637 17 225 638 293 139 639 350 138 640 351 224 641 350 138 642 46 226 643 351 224 644 348 136 645 350 138 646 16 137 647 348 136 648 349 135 649 350 138 650 349 135 651 46 226 652 350 138 653 296 133 654 348 227 655 16 228 656 296 133 657 347 132 658 348 227 659 347 132 660 45 229 661 348 227 662 345 130 663 347 132 664 19 131 665 345 130 666 346 129 667 347 132 668 346 129 669 45 229 670 347 132 671 330 127 672 337 230 673 38 231 674 330 127 675 344 126 676 337 230 677 344 126 678 41 232 679 337 230 680 343 124 681 344 126 682 39 125 683 343 124 684 336 123 685 344 126 686 336 123 687 41 232 688 344 126 689 331 121 690 343 233 691 39 234 692 331 121 693 342 120 694 343 233 695 342 120 696 43 235 697 343 233 698 341 118 699 342 120 700 37 118 701 341 118 702 335 119 703 342 120 704 335 119 705 43 235 706 342 120 707 328 117 708 341 236 709 37 75 710 328 117 711 340 116 712 341 236 713 340 116 714 42 237 715 341 236 716 339 75 717 340 116 718 36 75 719 339 75 720 332 115 721 340 116 722 332 115 723 42 237 724 340 116 725 327 114 726 339 238 727 36 239 728 327 114 729 338 113 730 339 238 731 338 113 732 40 240 733 339 238 734 337 111 735 338 113 736 38 112 737 337 111 738 333 110 739 338 113 740 333 110 741 40 240 742 338 113 743 335 108 744 336 241 745 43 242 746 335 108 747 334 107 748 336 241 749 334 107 750 41 243 751 336 241 752 332 105 753 334 107 754 42 106 755 332 105 756 333 104 757 334 107 758 333 104 759 41 243 760 334 107 761 330 102 762 331 244 763 39 245 764 330 102 765 329 101 766 331 244 767 329 101 768 37 246 769 331 244 770 327 99 771 329 101 772 38 100 773 327 99 774 328 98 775 329 101 776 328 98 777 37 246 778 329 101 779 309 96 780 321 247 781 27 248 782 309 96 783 326 95 784 321 247 785 326 95 786 12 249 787 321 247 788 325 93 789 326 95 790 29 94 791 325 93 792 289 92 793 326 95 794 289 92 795 12 249 796 326 95 797 311 90 798 325 250 799 29 251 800 311 90 801 324 89 802 325 250 803 324 89 804 13 252 805 325 250 806 323 87 807 324 89 808 28 88 809 323 87 810 290 86 811 324 89 812 290 86 813 13 252 814 324 89 815 310 74 816 323 74 817 28 74 818 310 74 819 322 84 820 323 74 821 322 84 822 14 74 823 323 74 824 321 83 825 322 84 826 27 74 827 321 83 828 288 82 829 322 84 830 288 82 831 14 74 832 322 84 833 317 80 834 320 253 835 34 254 836 317 80 837 319 81 838 320 253 839 319 81 840 35 255 841 320 253 842 315 79 843 318 256 844 33 257 845 315 79 846 317 80 847 318 256 848 317 80 849 34 254 850 318 256 851 313 77 852 316 258 853 31 259 854 313 77 855 315 79 856 316 258 857 315 79 858 33 257 859 316 258 860 312 78 861 314 260 862 32 186 863 312 78 864 313 77 865 314 260 866 313 77 867 31 259 868 314 260 869 309 75 870 311 75 871 29 75 872 309 75 873 310 75 874 311 75 875 310 75 876 28 75 877 311 75 878 305 73 879 308 74 880 25 261 881 305 73 882 307 74 883 308 74 884 307 74 885 26 74 886 308 74 887 303 72 888 306 262 889 24 263 890 303 72 891 305 73 892 306 262 893 305 73 894 25 261 895 306 262 896 301 70 897 304 264 898 22 265 899 301 70 900 303 72 901 304 264 902 303 72 903 24 263 904 304 264 905 300 71 906 302 266 907 23 267 908 300 71 909 301 70 910 302 266 911 301 70 912 22 265 913 302 266 914 297 68 915 299 74 916 19 74 917 297 68 918 298 67 919 299 74 920 298 67 921 20 74 922 299 74 923 296 65 924 297 68 925 19 74 926 296 65 927 295 64 928 297 68 929 295 64 930 18 66 931 297 68 932 292 60 933 295 64 934 16 63 935 292 60 936 294 62 937 295 64 938 294 62 939 18 66 940 295 64 941 291 61 942 293 268 943 17 269 944 291 61 945 292 60 946 293 268 947 292 60 948 16 63 949 293 268 950 288 58 951 290 58 952 14 58 953 288 58 954 289 58 955 290 58 956 289 58 957 13 58 958 290 58 959 24 183 5448 373 182 5449 951 1412 5450 24 183 5451 951 1412 5452 943 1413 5453 944 75 5454 374 184 5455 24 183 5456 940 75 5457 944 75 5458 24 183 5459 24 183 5460 943 1413 5461 947 1414 5462 939 1415 5463 949 1416 5464 941 1417 5465 24 183 5466 947 1414 5467 939 1415 5468 948 1418 5469 940 75 5470 24 183 5471 942 1419 5472 946 1420 5473 938 1421 5474 938 1421 5475 948 1418 5476 937 202 5477 948 1418 5478 24 183 5479 937 202 5480 24 183 5481 939 1415 5482 945 201 5483 939 1415 5484 941 1417 5485 945 201 5486 942 1419 5487 938 1421 5488 937 202 5489 937 202 5490 950 203 5491 942 1419 5492 951 1412 5493 373 182 5494 318 181 5495 318 181 5496 374 184 5497 944 75 5498 940 75 5499 948 1418 5500 318 181 5501 948 1418 5502 938 1421 5503 318 181 5504 318 181 5505 944 75 5506 940 75 5507 943 1413 5508 951 1412 5509 947 1414 5510 951 1412 5511 318 181 5512 947 1414 5513 946 1420 5514 942 1419 5515 950 203 5516 318 181 5517 938 1421 5518 946 1420 5519 939 1415 5520 947 1414 5521 318 181 5522 945 201 5523 941 1417 5524 950 203 5525 941 1417 5526 949 1416 5527 950 203 5528 949 1416 5529 939 1415 5530 318 181 5531 318 181 5532 946 1420 5533 949 1416 5534 946 1420 5535 950 203 5536 949 1416 5537</p>
        </triangles>
        <triangles material="forearm-material" count="272">
          <input semantic="VERTEX" source="#v_ak47_body2_model0-mesh-vertices" offset="0"/>
          <input semantic="NORMAL" source="#v_ak47_body2_model0-mesh-normals" offset="1"/>
          <input semantic="TEXCOORD" source="#v_ak47_body2_model0-mesh-map-0" offset="2" set="0"/>
          <p>50 58 960 379 270 961 378 58 962 52 58 963 380 271 964 381 272 965 54 273 966 384 274 967 383 275 968 57 276 969 387 277 970 386 74 971 60 278 972 390 279 973 389 280 974 61 281 975 392 282 976 391 283 977 61 281 978 393 284 979 392 282 980 61 281 981 395 285 982 393 284 983 61 281 984 397 286 985 395 285 986 64 287 987 399 288 988 398 289 989 64 287 990 401 290 991 399 288 992 64 287 993 403 291 994 401 290 995 64 287 996 405 292 997 403 291 998 61 281 999 407 293 1000 397 286 1001 61 281 1002 408 294 1003 407 293 1004 61 281 1005 409 295 1006 408 294 1007 61 281 1008 411 296 1009 409 295 1010 68 297 1011 413 298 1012 412 299 1013 61 281 1014 391 283 1015 411 296 1016 69 74 1017 416 74 1018 415 74 1019 65 300 1020 417 301 1021 400 118 1022 65 300 1023 419 302 1024 417 301 1025 65 300 1026 421 303 1027 419 302 1028 65 300 1029 402 304 1030 421 303 1031 51 305 1032 379 306 1033 424 307 1034 50 308 1035 413 309 1036 425 310 1037 73 311 1038 426 312 1039 427 313 1040 68 314 1041 414 315 1042 428 316 1043 74 317 1044 429 318 1045 430 319 1046 57 320 1047 386 321 1048 431 322 1049 63 323 1050 418 324 1051 415 325 1052 70 326 1053 434 58 1054 433 327 1055 69 328 1056 435 329 1057 416 330 1058 76 331 1059 437 332 1060 436 333 1061 62 334 1062 438 335 1063 394 336 1064 77 337 1065 440 338 1066 439 339 1067 60 340 1068 441 341 1069 390 342 1070 78 343 1071 443 344 1072 442 345 1073 80 346 1074 446 347 1075 445 348 1076 54 273 1077 449 349 1078 448 350 1079 83 351 1080 451 352 1081 450 353 1082 67 354 1083 406 355 1084 452 356 1085 72 357 1086 454 358 1087 453 359 1088 83 351 1089 455 360 1090 453 359 1091 84 361 1092 457 362 1093 456 363 1094 70 364 1095 420 186 1096 458 365 1097 85 366 1098 460 367 1099 459 368 1100 85 366 1101 461 369 1102 460 367 1103 85 366 1104 463 370 1105 461 369 1106 85 366 1107 464 371 1108 463 370 1109 78 372 1110 465 373 1111 443 374 1112 79 186 1113 466 375 1114 467 376 1115 85 366 1116 468 377 1117 464 371 1118 85 366 1119 469 378 1120 468 377 1121 85 366 1122 471 379 1123 469 378 1124 85 366 1125 473 380 1126 471 379 1127 85 366 1128 474 381 1129 473 380 1130 85 366 1131 459 368 1132 474 381 1133 56 382 1134 475 383 1135 383 275 1136 51 186 1137 424 186 1138 382 186 1139 66 384 1140 404 385 1141 423 386 1142 76 387 1143 434 388 1144 437 389 1145 79 58 1146 467 58 1147 444 58 1148 58 58 1149 476 58 1150 388 58 1151 53 390 1152 472 391 1153 381 392 1154 52 393 1155 477 394 1156 410 395 1157 81 396 1158 446 397 1159 478 398 1160 55 399 1161 479 400 1162 385 401 1163 385 401 1164 475 402 1165 56 403 1166 385 401 1167 479 400 1168 475 402 1169 479 400 1170 80 404 1171 475 402 1172 478 398 1173 479 400 1174 55 399 1175 478 398 1176 446 397 1177 479 400 1178 446 397 1179 80 404 1180 479 400 1181 410 395 1182 478 398 1183 55 399 1184 410 395 1185 477 394 1186 478 398 1187 477 394 1188 81 396 1189 478 398 1190 381 392 1191 477 394 1192 52 393 1193 381 392 1194 472 391 1195 477 394 1196 472 391 1197 81 396 1198 477 394 1199 388 58 1200 432 58 1201 59 58 1202 388 58 1203 476 58 1204 432 58 1205 476 58 1206 75 58 1207 432 58 1208 444 58 1209 476 58 1210 58 58 1211 444 58 1212 467 58 1213 476 58 1214 467 58 1215 75 58 1216 476 58 1217 437 389 1218 462 405 1219 77 406 1220 437 389 1221 434 388 1222 462 405 1223 434 388 1224 70 364 1225 462 405 1226 423 386 1227 454 358 1228 72 357 1229 423 386 1230 404 385 1231 454 358 1232 404 385 1233 67 354 1234 454 358 1235 382 186 1236 470 407 1237 53 408 1238 382 186 1239 424 186 1240 470 407 1241 424 186 1242 73 409 1243 470 407 1244 383 275 1245 449 349 1246 54 273 1247 383 275 1248 475 383 1249 449 349 1250 475 383 1251 80 346 1252 449 349 1253 474 381 1254 455 360 1255 83 351 1256 474 381 1257 459 368 1258 455 360 1259 459 368 1260 84 361 1261 455 360 1262 473 380 1263 450 353 1264 82 410 1265 473 380 1266 474 381 1267 450 353 1268 474 381 1269 83 351 1270 450 353 1271 471 379 1272 447 411 1273 81 412 1274 471 379 1275 473 380 1276 447 411 1277 473 380 1278 82 410 1279 447 411 1280 469 378 1281 472 413 1282 53 408 1283 469 378 1284 471 379 1285 472 413 1286 471 379 1287 81 412 1288 472 413 1289 468 377 1290 470 407 1291 73 409 1292 468 377 1293 469 378 1294 470 407 1295 469 378 1296 53 408 1297 470 407 1298 464 371 1299 427 414 1300 74 415 1301 464 371 1302 468 377 1303 427 414 1304 468 377 1305 73 409 1306 427 414 1307 467 376 1308 430 416 1309 75 417 1310 467 376 1311 466 375 1312 430 416 1313 466 375 1314 74 415 1315 430 416 1316 443 374 1317 466 375 1318 79 186 1319 443 374 1320 465 373 1321 466 375 1322 465 373 1323 74 415 1324 466 375 1325 463 370 1326 465 373 1327 78 372 1328 463 370 1329 464 371 1330 465 373 1331 464 371 1332 74 415 1333 465 373 1334 461 369 1335 440 418 1336 77 406 1337 461 369 1338 463 370 1339 440 418 1340 463 370 1341 78 372 1342 440 418 1343 460 367 1344 462 405 1345 70 364 1346 460 367 1347 461 369 1348 462 405 1349 461 369 1350 77 406 1351 462 405 1352 459 368 1353 458 365 1354 84 361 1355 459 368 1356 460 367 1357 458 365 1358 460 367 1359 70 364 1360 458 365 1361 458 365 1362 457 362 1363 84 361 1364 458 365 1365 420 186 1366 457 362 1367 420 186 1368 71 419 1369 457 362 1370 456 363 1371 422 420 1372 72 357 1373 456 363 1374 457 362 1375 422 420 1376 457 362 1377 71 419 1378 422 420 1379 453 359 1380 456 363 1381 72 357 1382 453 359 1383 455 360 1384 456 363 1385 455 360 1386 84 361 1387 456 363 1388 453 359 1389 452 356 1390 83 351 1391 453 359 1392 454 358 1393 452 356 1394 454 358 1395 67 354 1396 452 356 1397 452 356 1398 451 352 1399 83 351 1400 452 356 1401 406 355 1402 451 352 1403 406 355 1404 54 273 1405 451 352 1406 450 353 1407 448 350 1408 82 410 1409 450 353 1410 451 352 1411 448 350 1412 451 352 1413 54 273 1414 448 350 1415 448 350 1416 445 348 1417 82 410 1418 448 350 1419 449 349 1420 445 348 1421 449 349 1422 80 346 1423 445 348 1424 445 348 1425 447 411 1426 82 410 1427 445 348 1428 446 347 1429 447 411 1430 446 347 1431 81 412 1432 447 411 1433 442 345 1434 444 421 1435 58 422 1436 442 345 1437 443 344 1438 444 421 1439 443 344 1440 79 423 1441 444 421 1442 390 342 1443 442 345 1444 58 422 1445 390 342 1446 441 341 1447 442 345 1448 441 341 1449 78 343 1450 442 345 1451 439 339 1452 441 341 1453 60 340 1454 439 339 1455 440 338 1456 441 341 1457 440 338 1458 78 343 1459 441 341 1460 394 336 1461 439 339 1462 60 340 1463 394 336 1464 438 335 1465 439 339 1466 438 335 1467 77 337 1468 439 339 1469 436 333 1470 438 335 1471 62 334 1472 436 333 1473 437 332 1474 438 335 1475 437 332 1476 77 337 1477 438 335 1478 416 330 1479 436 333 1480 62 334 1481 416 330 1482 435 329 1483 436 333 1484 435 329 1485 76 331 1486 436 333 1487 433 327 1488 435 329 1489 69 328 1490 433 327 1491 434 58 1492 435 329 1493 434 58 1494 76 331 1495 435 329 1496 415 325 1497 433 327 1498 69 328 1499 415 325 1500 418 324 1501 433 327 1502 418 324 1503 70 326 1504 433 327 1505 431 322 1506 432 424 1507 75 425 1508 431 322 1509 386 321 1510 432 424 1511 386 321 1512 59 426 1513 432 424 1514 430 319 1515 431 322 1516 75 425 1517 430 319 1518 429 318 1519 431 322 1520 429 318 1521 57 320 1522 431 322 1523 428 316 1524 429 318 1525 74 317 1526 428 316 1527 414 315 1528 429 318 1529 414 315 1530 57 320 1531 429 318 1532 427 313 1533 428 316 1534 74 317 1535 427 313 1536 426 312 1537 428 316 1538 426 312 1539 68 314 1540 428 316 1541 425 310 1542 426 312 1543 73 311 1544 425 310 1545 413 309 1546 426 312 1547 413 309 1548 68 314 1549 426 312 1550 424 307 1551 425 310 1552 73 311 1553 424 307 1554 379 306 1555 425 310 1556 379 306 1557 50 308 1558 425 310 1559 421 303 1560 423 427 1561 72 428 1562 421 303 1563 402 304 1564 423 427 1565 402 304 1566 66 429 1567 423 427 1568 419 302 1569 422 430 1570 71 431 1571 419 302 1572 421 303 1573 422 430 1574 421 303 1575 72 428 1576 422 430 1577 417 301 1578 420 432 1579 70 326 1580 417 301 1581 419 302 1582 420 432 1583 419 302 1584 71 431 1585 420 432 1586 400 118 1587 418 324 1588 63 323 1589 400 118 1590 417 301 1591 418 324 1592 417 301 1593 70 326 1594 418 324 1595 415 74 1596 396 433 1597 63 434 1598 415 74 1599 416 74 1600 396 433 1601 416 74 1602 62 435 1603 396 433 1604 411 296 1605 414 436 1606 68 297 1607 411 296 1608 391 283 1609 414 436 1610 391 283 1611 57 276 1612 414 436 1613 412 299 1614 378 437 1615 52 438 1616 412 299 1617 413 298 1618 378 437 1619 413 298 1620 50 439 1621 378 437 1622 409 295 1623 412 299 1624 52 438 1625 409 295 1626 411 296 1627 412 299 1628 411 296 1629 68 297 1630 412 299 1631 408 294 1632 410 440 1633 55 441 1634 408 294 1635 409 295 1636 410 440 1637 409 295 1638 52 438 1639 410 440 1640 407 293 1641 384 274 1642 54 273 1643 407 293 1644 408 294 1645 384 274 1646 408 294 1647 55 441 1648 384 274 1649 397 286 1650 405 292 1651 64 287 1652 397 286 1653 407 293 1654 405 292 1655 407 293 1656 54 273 1657 405 292 1658 403 291 1659 406 355 1660 67 354 1661 403 291 1662 405 292 1663 406 355 1664 405 292 1665 54 273 1666 406 355 1667 401 290 1668 404 385 1669 66 384 1670 401 290 1671 403 291 1672 404 385 1673 403 291 1674 67 354 1675 404 385 1676 399 288 1677 402 442 1678 65 443 1679 399 288 1680 401 290 1681 402 442 1682 401 290 1683 66 384 1684 402 442 1685 398 289 1686 400 444 1687 63 434 1688 398 289 1689 399 288 1690 400 444 1691 399 288 1692 65 443 1693 400 444 1694 395 285 1695 398 289 1696 63 434 1697 395 285 1698 397 286 1699 398 289 1700 397 286 1701 64 287 1702 398 289 1703 393 284 1704 396 433 1705 62 435 1706 393 284 1707 395 285 1708 396 433 1709 395 285 1710 63 434 1711 396 433 1712 392 282 1713 394 445 1714 60 278 1715 392 282 1716 393 284 1717 394 445 1718 393 284 1719 62 435 1720 394 445 1721 391 283 1722 389 280 1723 57 276 1724 391 283 1725 392 282 1726 389 280 1727 392 282 1728 60 278 1729 389 280 1730 389 280 1731 387 277 1732 57 276 1733 389 280 1734 390 279 1735 387 277 1736 390 279 1737 58 446 1738 387 277 1739 386 74 1740 388 74 1741 59 74 1742 386 74 1743 387 277 1744 388 74 1745 387 277 1746 58 446 1747 388 74 1748 383 275 1749 385 447 1750 56 382 1751 383 275 1752 384 274 1753 385 447 1754 384 274 1755 55 441 1756 385 447 1757 381 272 1758 382 448 1759 53 449 1760 381 272 1761 380 271 1762 382 448 1763 380 271 1764 51 448 1765 382 448 1766 378 58 1767 380 271 1768 52 58 1769 378 58 1770 379 270 1771 380 271 1772 379 270 1773 51 448 1774 380 271 1775</p>
        </triangles>
        <triangles material="barrel-material" count="488">
          <input semantic="VERTEX" source="#v_ak47_body2_model0-mesh-vertices" offset="0"/>
          <input semantic="NORMAL" source="#v_ak47_body2_model0-mesh-normals" offset="1"/>
          <input semantic="TEXCOORD" source="#v_ak47_body2_model0-mesh-map-0" offset="2" set="0"/>
          <p>86 450 1776 481 450 1777 480 450 1778 89 451 1779 484 452 1780 483 453 1781 91 118 1782 486 454 1783 483 453 1784 89 451 1785 487 455 1786 488 118 1787 92 456 1788 490 118 1789 489 118 1790 95 457 1791 493 458 1792 492 459 1793 95 457 1794 495 460 1795 493 458 1796 95 457 1797 497 461 1798 495 460 1799 95 462 1800 499 463 1801 497 464 1802 101 465 1803 502 466 1804 501 467 1805 101 465 1806 504 468 1807 502 466 1808 101 465 1809 506 469 1810 504 468 1811 101 465 1812 508 470 1813 506 469 1814 107 471 1815 511 472 1816 510 473 1817 108 474 1818 512 475 1819 513 476 1820 105 477 1821 514 478 1822 507 479 1823 105 477 1824 516 480 1825 514 478 1826 105 477 1827 518 481 1828 516 480 1829 105 477 1830 520 482 1831 518 481 1832 112 483 1833 523 484 1834 522 485 1835 113 486 1836 525 487 1837 524 488 1838 116 489 1839 528 490 1840 527 491 1841 116 489 1842 527 491 1843 530 492 1844 119 493 1845 531 494 1846 532 495 1847 118 496 1848 534 497 1849 533 498 1850 120 499 1851 535 500 1852 536 501 1853 115 502 1854 538 503 1855 537 504 1856 115 502 1857 526 505 1858 538 503 1859 114 506 1860 541 507 1861 540 508 1862 122 509 1863 542 510 1864 543 511 1865 123 512 1866 545 513 1867 544 514 1868 124 515 1869 546 516 1870 547 517 1871 125 518 1872 549 519 1873 548 520 1874 126 521 1875 551 522 1876 550 523 1877 127 524 1878 553 525 1879 552 526 1880 109 527 1881 555 528 1882 554 529 1883 88 530 1884 556 531 1885 517 532 1886 88 530 1887 557 533 1888 556 531 1889 128 450 1890 557 450 1891 559 450 1892 88 534 1893 519 534 1894 480 535 1895 86 536 1896 560 537 1897 561 538 1898 86 536 1899 561 538 1900 563 539 1901 108 540 1902 564 541 1903 565 542 1904 130 543 1905 567 544 1906 565 542 1907 111 545 1908 520 546 1909 569 547 1910 131 548 1911 571 549 1912 570 550 1913 112 551 1914 522 552 1915 572 553 1916 129 554 1917 574 555 1918 573 556 1919 110 557 1920 523 558 1921 562 559 1922 129 554 1923 573 556 1924 566 560 1925 105 561 1926 575 562 1927 568 563 1928 86 536 1929 563 539 1930 550 564 1931 126 565 1932 576 566 1933 577 567 1934 106 568 1935 578 569 1936 509 570 1937 97 571 1938 494 572 1939 579 573 1940 132 574 1941 580 575 1942 581 576 1943 96 577 1944 496 578 1945 582 579 1946 133 580 1947 583 581 1948 584 582 1949 98 583 1950 498 584 1951 585 585 1952 134 586 1953 586 587 1954 587 588 1955 135 589 1956 589 590 1957 588 591 1958 99 592 1959 590 593 1960 500 594 1961 100 595 1962 499 596 1963 591 597 1964 136 598 1965 592 599 1966 593 600 1967 95 601 1968 492 602 1969 594 603 1970 137 604 1971 595 605 1972 596 606 1973 138 607 1974 598 608 1975 597 609 1976 140 610 1977 599 611 1978 600 612 1979 139 613 1980 602 614 1981 601 615 1982 142 616 1983 604 617 1984 603 618 1985 141 619 1986 605 620 1987 600 612 1988 143 621 1989 607 622 1990 606 623 1991 140 610 1992 608 624 1993 597 609 1994 144 625 1995 610 626 1996 609 627 1997 138 607 1998 611 628 1999 598 608 2000 145 629 2001 613 630 2002 612 631 2003 144 632 2004 607 633 2005 610 634 2006 145 635 2007 614 636 2008 613 637 2009 115 638 2010 534 639 2011 615 640 2012 135 641 2013 616 642 2014 589 643 2015 117 644 2016 619 645 2017 618 646 2018 100 647 2019 620 648 2020 500 649 2021 100 650 2022 591 651 2023 618 652 2024 117 653 2025 622 654 2026 529 655 2027 115 656 2028 615 657 2029 524 658 2030 113 659 2031 623 660 2032 621 661 2033 91 75 2034 485 75 2035 624 75 2036 146 662 2037 625 663 2038 626 664 2039 128 665 2040 628 666 2041 558 667 2042 127 118 2043 629 668 2044 630 118 2045 125 669 2046 631 670 2047 549 671 2048 87 672 2049 632 673 2050 633 674 2051 127 75 2052 630 75 2053 553 75 2054 125 75 2055 634 75 2056 631 75 2057 102 675 2058 505 676 2059 577 677 2060 126 678 2061 635 679 2062 554 680 2063 107 681 2064 578 682 2065 633 683 2066 87 684 2067 636 685 2068 559 686 2069 121 118 2070 539 687 2071 536 118 2072 120 688 2073 637 689 2074 532 690 2075 122 691 2076 543 692 2077 638 693 2078 146 694 2079 639 695 2080 624 696 2081 91 697 2082 640 698 2083 486 699 2084 148 700 2085 642 701 2086 641 702 2087 92 703 2088 643 704 2089 490 705 2090 149 706 2091 645 707 2092 644 708 2093 94 709 2094 646 710 2095 491 711 2096 150 712 2097 648 713 2098 647 714 2099 93 715 2100 649 716 2101 488 717 2102 151 718 2103 651 719 2104 650 720 2105 89 721 2106 652 722 2107 484 723 2108 147 724 2109 651 725 2110 626 726 2111 146 727 2112 653 728 2113 639 729 2114 151 730 2115 648 731 2116 654 732 2117 148 733 2118 655 734 2119 642 735 2120 133 118 2121 584 118 2122 581 118 2123 132 118 2124 656 736 2125 596 737 2126 134 738 2127 587 739 2128 657 740 2129 137 741 2130 658 742 2131 593 743 2132 117 744 2133 528 745 2134 619 746 2135 113 747 2136 659 748 2137 525 749 2138 116 750 2139 545 751 2140 660 752 2141 660 752 2142 541 753 2143 114 754 2144 660 752 2145 545 751 2146 541 753 2147 545 751 2148 123 755 2149 541 753 2150 525 749 2151 660 752 2152 114 754 2153 525 749 2154 659 748 2155 660 752 2156 659 748 2157 116 750 2158 660 752 2159 619 746 2160 659 748 2161 113 747 2162 619 746 2163 528 745 2164 659 748 2165 528 745 2166 116 750 2167 659 748 2168 593 743 2169 589 756 2170 136 757 2171 593 743 2172 658 742 2173 589 756 2174 658 742 2175 135 758 2176 589 756 2177 657 740 2178 658 742 2179 137 741 2180 657 740 2181 587 739 2182 658 742 2183 587 739 2184 135 758 2185 658 742 2186 596 737 2187 657 740 2188 137 741 2189 596 737 2190 656 736 2191 657 740 2192 656 736 2193 134 738 2194 657 740 2195 581 118 2196 656 736 2197 132 118 2198 581 118 2199 584 118 2200 656 736 2201 584 118 2202 134 738 2203 656 736 2204 642 735 2205 645 759 2206 149 760 2207 642 735 2208 655 734 2209 645 759 2210 655 734 2211 150 761 2212 645 759 2213 654 732 2214 655 734 2215 148 733 2216 654 732 2217 648 731 2218 655 734 2219 648 731 2220 150 761 2221 655 734 2222 639 729 2223 654 732 2224 148 733 2225 639 729 2226 653 728 2227 654 732 2228 653 728 2229 151 730 2230 654 732 2231 626 726 2232 653 728 2233 146 727 2234 626 726 2235 651 725 2236 653 728 2237 651 725 2238 151 730 2239 653 728 2240 484 723 2241 627 762 2242 90 763 2243 484 723 2244 652 722 2245 627 762 2246 652 722 2247 147 764 2248 627 762 2249 650 720 2250 652 722 2251 89 721 2252 650 720 2253 651 719 2254 652 722 2255 651 719 2256 147 764 2257 652 722 2258 488 717 2259 650 720 2260 89 721 2261 488 717 2262 649 716 2263 650 720 2264 649 716 2265 151 718 2266 650 720 2267 647 714 2268 649 716 2269 93 715 2270 647 714 2271 648 713 2272 649 716 2273 648 713 2274 151 718 2275 649 716 2276 491 711 2277 647 714 2278 93 715 2279 491 711 2280 646 710 2281 647 714 2282 646 710 2283 150 712 2284 647 714 2285 644 708 2286 646 710 2287 94 709 2288 644 708 2289 645 707 2290 646 710 2291 645 707 2292 150 712 2293 646 710 2294 490 705 2295 644 708 2296 94 709 2297 490 705 2298 643 704 2299 644 708 2300 643 704 2301 149 706 2302 644 708 2303 641 702 2304 643 704 2305 92 703 2306 641 702 2307 642 701 2308 643 704 2309 642 701 2310 149 706 2311 643 704 2312 486 699 2313 641 702 2314 92 703 2315 486 699 2316 640 698 2317 641 702 2318 640 698 2319 148 700 2320 641 702 2321 624 696 2322 640 698 2323 91 697 2324 624 696 2325 639 695 2326 640 698 2327 639 695 2328 148 700 2329 640 698 2330 638 693 2331 547 765 2332 119 766 2333 638 693 2334 543 692 2335 547 765 2336 543 692 2337 124 118 2338 547 765 2339 532 690 2340 638 693 2341 119 766 2342 532 690 2343 637 689 2344 638 693 2345 637 689 2346 122 691 2347 638 693 2348 536 118 2349 637 689 2350 120 688 2351 536 118 2352 539 687 2353 637 689 2354 539 687 2355 122 691 2356 637 689 2357 559 686 2358 628 767 2359 128 768 2360 559 686 2361 636 685 2362 628 767 2363 636 685 2364 106 769 2365 628 767 2366 633 683 2367 636 685 2368 87 770 2369 633 683 2370 578 682 2371 636 685 2372 578 682 2373 106 769 2374 636 685 2375 554 680 2376 515 771 2377 109 772 2378 554 680 2379 635 679 2380 515 771 2381 635 679 2382 104 773 2383 515 771 2384 577 677 2385 635 679 2386 126 678 2387 577 677 2388 505 676 2389 635 679 2390 505 676 2391 104 773 2392 635 679 2393 631 75 2394 501 75 2395 103 75 2396 631 75 2397 634 75 2398 501 75 2399 634 75 2400 101 75 2401 501 75 2402 553 75 2403 634 75 2404 125 75 2405 553 75 2406 630 75 2407 634 75 2408 630 75 2409 101 75 2410 634 75 2411 633 674 2412 511 774 2413 107 775 2414 633 674 2415 632 673 2416 511 774 2417 632 673 2418 103 776 2419 511 774 2420 549 671 2421 632 673 2422 87 672 2423 549 671 2424 631 670 2425 632 673 2426 631 670 2427 103 776 2428 632 673 2429 630 118 2430 508 118 2431 101 118 2432 630 118 2433 629 668 2434 508 118 2435 629 668 2436 106 118 2437 508 118 2438 558 667 2439 629 668 2440 127 118 2441 558 667 2442 628 666 2443 629 668 2444 628 666 2445 106 118 2446 629 668 2447 626 664 2448 627 777 2449 147 75 2450 626 664 2451 625 663 2452 627 777 2453 625 663 2454 90 778 2455 627 777 2456 624 75 2457 625 663 2458 146 662 2459 624 75 2460 485 75 2461 625 663 2462 485 75 2463 90 778 2464 625 663 2465 621 661 2466 588 779 2467 99 780 2468 621 661 2469 623 660 2470 588 779 2471 623 660 2472 135 781 2473 588 779 2474 524 658 2475 623 660 2476 113 659 2477 524 658 2478 615 657 2479 623 660 2480 615 657 2481 135 781 2482 623 660 2483 529 655 2484 617 782 2485 118 783 2486 529 655 2487 622 654 2488 617 782 2489 622 654 2490 136 784 2491 617 782 2492 618 652 2493 622 785 2494 117 786 2495 618 652 2496 591 651 2497 622 785 2498 591 651 2499 136 787 2500 622 785 2501 500 649 2502 621 788 2503 99 789 2504 500 649 2505 620 648 2506 621 788 2507 620 648 2508 113 790 2509 621 788 2510 618 646 2511 620 791 2512 100 792 2513 618 646 2514 619 645 2515 620 791 2516 619 645 2517 113 793 2518 620 791 2519 589 643 2520 617 794 2521 136 795 2522 589 643 2523 616 642 2524 617 794 2525 616 642 2526 118 796 2527 617 794 2528 615 640 2529 616 642 2530 135 797 2531 615 640 2532 534 639 2533 616 642 2534 534 639 2535 118 796 2536 616 642 2537 613 637 2538 604 798 2539 142 799 2540 613 637 2541 614 636 2542 604 798 2543 614 636 2544 143 800 2545 604 798 2546 610 634 2547 614 636 2548 145 635 2549 610 634 2550 607 633 2551 614 636 2552 607 633 2553 143 800 2554 614 636 2555 612 631 2556 602 614 2557 139 613 2558 612 631 2559 613 630 2560 602 614 2561 613 630 2562 142 616 2563 602 614 2564 598 608 2565 612 631 2566 139 613 2567 598 608 2568 611 628 2569 612 631 2570 611 628 2571 145 629 2572 612 631 2573 609 627 2574 611 628 2575 138 607 2576 609 627 2577 610 626 2578 611 628 2579 610 626 2580 145 629 2581 611 628 2582 597 609 2583 609 627 2584 138 607 2585 597 609 2586 608 624 2587 609 627 2588 608 624 2589 144 625 2590 609 627 2591 606 623 2592 608 624 2593 140 610 2594 606 623 2595 607 622 2596 608 624 2597 607 622 2598 144 625 2599 608 624 2600 600 612 2601 606 623 2602 140 610 2603 600 612 2604 605 620 2605 606 623 2606 605 620 2607 143 621 2608 606 623 2609 603 618 2610 605 620 2611 141 619 2612 603 618 2613 604 617 2614 605 620 2615 604 617 2616 143 621 2617 605 620 2618 601 615 2619 603 618 2620 141 619 2621 601 615 2622 602 614 2623 603 618 2624 602 614 2625 142 616 2626 603 618 2627 600 612 2628 601 615 2629 141 619 2630 600 612 2631 599 611 2632 601 615 2633 599 611 2634 139 613 2635 601 615 2636 597 609 2637 599 611 2638 140 610 2639 597 609 2640 598 608 2641 599 611 2642 598 608 2643 139 613 2644 599 611 2645 596 606 2646 579 573 2647 132 574 2648 596 606 2649 595 605 2650 579 573 2651 595 605 2652 97 571 2653 579 573 2654 594 603 2655 595 605 2656 137 604 2657 594 603 2658 492 602 2659 595 605 2660 492 602 2661 97 571 2662 595 605 2663 593 600 2664 594 603 2665 137 604 2666 593 600 2667 592 599 2668 594 603 2669 592 599 2670 95 601 2671 594 603 2672 591 597 2673 592 599 2674 136 598 2675 591 597 2676 499 596 2677 592 599 2678 499 596 2679 95 601 2680 592 599 2681 500 594 2682 591 801 2683 100 802 2684 500 594 2685 590 593 2686 591 801 2687 590 593 2688 136 803 2689 591 801 2690 588 591 2691 590 593 2692 99 592 2693 588 591 2694 589 590 2695 590 593 2696 589 590 2697 136 803 2698 590 593 2699 587 588 2700 588 804 2701 135 805 2702 587 588 2703 586 587 2704 588 804 2705 586 587 2706 99 806 2707 588 804 2708 585 585 2709 586 587 2710 134 586 2711 585 585 2712 498 584 2713 586 587 2714 498 584 2715 99 806 2716 586 587 2717 584 582 2718 585 585 2719 134 586 2720 584 582 2721 583 581 2722 585 585 2723 583 581 2724 98 583 2725 585 585 2726 582 579 2727 583 581 2728 133 580 2729 582 579 2730 496 578 2731 583 581 2732 496 578 2733 98 583 2734 583 581 2735 581 576 2736 582 579 2737 133 580 2738 581 576 2739 580 575 2740 582 579 2741 580 575 2742 96 577 2743 582 579 2744 579 573 2745 580 575 2746 132 574 2747 579 573 2748 494 572 2749 580 575 2750 494 572 2751 96 577 2752 580 575 2753 509 570 2754 575 807 2755 105 808 2756 509 570 2757 578 569 2758 575 807 2759 578 569 2760 107 809 2761 575 807 2762 577 567 2763 513 810 2764 102 811 2765 577 567 2766 576 566 2767 513 810 2768 576 566 2769 108 540 2770 513 810 2771 550 564 2772 576 566 2773 126 565 2774 550 564 2775 563 539 2776 576 566 2777 563 539 2778 108 540 2779 576 566 2780 568 563 2781 510 812 2782 108 540 2783 568 563 2784 575 562 2785 510 812 2786 575 562 2787 107 813 2788 510 812 2789 566 560 2790 570 550 2791 130 543 2792 566 560 2793 573 556 2794 570 550 2795 573 556 2796 131 548 2797 570 550 2798 562 559 2799 574 555 2800 129 554 2801 562 559 2802 523 558 2803 574 555 2804 523 558 2805 112 551 2806 574 555 2807 573 556 2808 572 553 2809 131 548 2810 573 556 2811 574 555 2812 572 553 2813 574 555 2814 112 551 2815 572 553 2816 572 553 2817 571 549 2818 131 548 2819 572 553 2820 522 552 2821 571 549 2822 522 552 2823 111 545 2824 571 549 2825 570 550 2826 569 547 2827 130 543 2828 570 550 2829 571 549 2830 569 547 2831 571 549 2832 111 545 2833 569 547 2834 569 547 2835 567 544 2836 130 543 2837 569 547 2838 520 546 2839 567 544 2840 520 546 2841 105 561 2842 567 544 2843 565 542 2844 568 563 2845 108 540 2846 565 542 2847 567 544 2848 568 563 2849 567 544 2850 105 561 2851 568 563 2852 565 542 2853 566 560 2854 130 543 2855 565 542 2856 564 541 2857 566 560 2858 564 541 2859 129 554 2860 566 560 2861 563 539 2862 564 541 2863 108 540 2864 563 539 2865 561 538 2866 564 541 2867 561 538 2868 129 554 2869 564 541 2870 561 538 2871 562 559 2872 129 554 2873 561 538 2874 560 537 2875 562 559 2876 560 537 2877 110 557 2878 562 559 2879 480 535 2880 560 537 2881 86 536 2882 480 535 2883 519 534 2884 560 537 2885 519 534 2886 110 557 2887 560 537 2888 559 450 2889 482 450 2890 87 450 2891 559 450 2892 557 450 2893 482 450 2894 557 450 2895 88 450 2896 482 450 2897 556 531 2898 558 814 2899 127 524 2900 556 531 2901 557 533 2902 558 814 2903 557 533 2904 128 815 2905 558 814 2906 517 532 2907 555 528 2908 109 527 2909 517 532 2910 556 531 2911 555 528 2912 556 531 2913 127 524 2914 555 528 2915 554 529 2916 552 526 2917 126 521 2918 554 529 2919 555 528 2920 552 526 2921 555 528 2922 127 524 2923 552 526 2924 552 526 2925 551 522 2926 126 521 2927 552 526 2928 553 525 2929 551 522 2930 553 525 2931 125 518 2932 551 522 2933 550 523 2934 548 520 2935 86 816 2936 550 523 2937 551 522 2938 548 520 2939 551 522 2940 125 518 2941 548 520 2942 548 520 2943 481 817 2944 86 818 2945 548 520 2946 549 519 2947 481 817 2948 549 519 2949 87 819 2950 481 817 2951 547 517 2952 530 492 2953 119 493 2954 547 517 2955 546 516 2956 530 492 2957 546 516 2958 116 489 2959 530 492 2960 544 514 2961 546 516 2962 124 515 2963 544 514 2964 545 513 2965 546 516 2966 545 513 2967 116 489 2968 546 516 2969 543 511 2970 544 514 2971 124 515 2972 543 511 2973 542 510 2974 544 514 2975 542 510 2976 123 512 2977 544 514 2978 540 508 2979 542 510 2980 122 509 2981 540 508 2982 541 507 2983 542 510 2984 541 507 2985 123 512 2986 542 510 2987 538 503 2988 540 508 2989 122 509 2990 538 503 2991 526 505 2992 540 508 2993 526 505 2994 114 506 2995 540 508 2996 537 504 2997 539 820 2998 121 821 2999 537 504 3000 538 503 3001 539 820 3002 538 503 3003 122 509 3004 539 820 3005 536 501 3006 537 504 3007 121 821 3008 536 501 3009 535 500 3010 537 504 3011 535 500 3012 115 502 3013 537 504 3014 533 498 3015 535 500 3016 120 499 3017 533 498 3018 534 497 3019 535 500 3020 534 497 3021 115 502 3022 535 500 3023 532 495 3024 533 498 3025 120 499 3026 532 495 3027 531 494 3028 533 498 3029 531 494 3030 118 496 3031 533 498 3032 530 492 3033 531 494 3034 119 493 3035 530 492 3036 527 491 3037 531 494 3038 527 491 3039 118 496 3040 531 494 3041 527 491 3042 529 822 3043 118 496 3044 527 491 3045 528 490 3046 529 822 3047 528 490 3048 117 823 3049 529 822 3050 524 488 3051 526 505 3052 115 502 3053 524 488 3054 525 487 3055 526 505 3056 525 487 3057 114 506 3058 526 505 3059 522 485 3060 521 824 3061 111 825 3062 522 485 3063 523 484 3064 521 824 3065 523 484 3066 110 826 3067 521 824 3068 518 481 3069 521 824 3070 110 826 3071 518 481 3072 520 482 3073 521 824 3074 520 482 3075 111 825 3076 521 824 3077 516 480 3078 519 827 3079 88 828 3080 516 480 3081 518 481 3082 519 827 3083 518 481 3084 110 826 3085 519 827 3086 514 478 3087 517 829 3088 109 830 3089 514 478 3090 516 480 3091 517 829 3092 516 480 3093 88 828 3094 517 829 3095 507 479 3096 515 831 3097 104 832 3098 507 479 3099 514 478 3100 515 831 3101 514 478 3102 109 830 3103 515 831 3104 513 476 3105 503 833 3106 102 834 3107 513 476 3108 512 475 3109 503 833 3110 512 475 3111 103 835 3112 503 833 3113 510 473 3114 512 475 3115 108 474 3116 510 473 3117 511 472 3118 512 475 3119 511 472 3120 103 835 3121 512 475 3122 506 469 3123 509 836 3124 105 837 3125 506 469 3126 508 470 3127 509 836 3128 508 470 3129 106 838 3130 509 836 3131 504 468 3132 507 839 3133 104 840 3134 504 468 3135 506 469 3136 507 839 3137 506 469 3138 105 837 3139 507 839 3140 502 466 3141 505 841 3142 102 834 3143 502 466 3144 504 468 3145 505 841 3146 504 468 3147 104 840 3148 505 841 3149 501 467 3150 503 833 3151 103 835 3152 501 467 3153 502 466 3154 503 833 3155 502 466 3156 102 834 3157 503 833 3158 497 464 3159 500 842 3160 99 843 3161 497 464 3162 499 463 3163 500 842 3164 499 463 3165 100 844 3166 500 842 3167 495 460 3168 498 845 3169 98 846 3170 495 460 3171 497 461 3172 498 845 3173 497 461 3174 99 847 3175 498 845 3176 493 458 3177 496 848 3178 96 849 3179 493 458 3180 495 460 3181 496 848 3182 495 460 3183 98 846 3184 496 848 3185 492 459 3186 494 850 3187 97 851 3188 492 459 3189 493 458 3190 494 850 3191 493 458 3192 96 849 3193 494 850 3194 489 118 3195 491 118 3196 93 118 3197 489 118 3198 490 118 3199 491 118 3200 490 118 3201 94 118 3202 491 118 3203 488 118 3204 489 118 3205 93 118 3206 488 118 3207 487 455 3208 489 118 3209 487 455 3210 92 456 3211 489 118 3212 483 453 3213 487 455 3214 89 451 3215 483 453 3216 486 454 3217 487 455 3218 486 454 3219 92 456 3220 487 455 3221 483 453 3222 485 118 3223 91 118 3224 483 453 3225 484 452 3226 485 118 3227 484 452 3228 90 118 3229 485 118 3230 480 450 3231 482 450 3232 88 450 3233 480 450 3234 481 450 3235 482 450 3236 481 450 3237 87 450 3238 482 450 3239</p>
        </triangles>
        <triangles material="upper_body-material" count="304">
          <input semantic="VERTEX" source="#v_ak47_body2_model0-mesh-vertices" offset="0"/>
          <input semantic="NORMAL" source="#v_ak47_body2_model0-mesh-normals" offset="1"/>
          <input semantic="TEXCOORD" source="#v_ak47_body2_model0-mesh-map-0" offset="2" set="0"/>
          <p>152 852 3240 662 853 3241 661 854 3242 155 855 3243 665 856 3244 664 857 3245 158 858 3246 668 859 3247 667 860 3248 159 186 3249 670 186 3250 669 186 3251 160 861 3252 672 862 3253 671 863 3254 163 864 3255 675 865 3256 674 866 3257 165 867 3258 677 868 3259 674 866 3260 163 864 3261 678 869 3262 679 870 3263 166 871 3264 681 872 3265 680 873 3266 153 186 3267 684 874 3268 683 186 3269 153 186 3270 662 186 3271 684 874 3272 169 875 3273 686 876 3274 687 877 3275 152 878 3276 689 186 3277 688 879 3278 173 880 3279 692 881 3280 691 882 3281 173 880 3282 694 883 3283 692 881 3284 173 880 3285 696 884 3286 694 883 3287 173 880 3288 698 885 3289 696 884 3290 178 886 3291 701 887 3292 700 888 3293 178 886 3294 700 888 3295 702 889 3296 178 886 3297 702 889 3298 704 890 3299 178 886 3300 704 890 3301 705 891 3302 178 886 3303 705 891 3304 706 892 3305 178 886 3306 706 892 3307 701 887 3308 152 893 3309 708 894 3310 689 895 3311 180 896 3312 711 897 3313 710 898 3314 176 899 3315 699 900 3316 713 901 3317 168 902 3318 715 903 3319 714 904 3320 175 905 3321 697 906 3322 716 907 3323 166 908 3324 717 909 3325 681 910 3326 182 911 3327 719 912 3328 718 913 3329 165 914 3330 720 915 3331 677 916 3332 183 917 3333 722 918 3334 721 919 3335 184 186 3336 724 186 3337 723 186 3338 153 920 3339 683 921 3340 663 922 3341 154 923 3342 726 924 3343 703 925 3344 170 926 3345 728 927 3346 727 928 3347 164 929 3348 729 930 3349 676 931 3350 187 75 3351 731 932 3352 730 933 3353 188 75 3354 732 934 3355 733 75 3356 181 75 3357 712 75 3358 734 75 3359 189 74 3360 736 935 3361 735 74 3362 191 74 3363 737 936 3364 738 937 3365 190 938 3366 740 74 3367 739 939 3368 182 940 3369 742 941 3370 719 942 3371 175 943 3372 743 944 3373 695 945 3374 170 75 3375 685 75 3376 728 946 3377 183 947 3378 744 948 3379 722 949 3380 173 186 3381 691 186 3382 733 186 3383 188 186 3384 745 186 3385 746 186 3386 174 950 3387 693 951 3388 747 952 3389 194 953 3390 748 954 3391 749 955 3392 172 956 3393 709 957 3394 750 958 3395 168 959 3396 751 960 3397 682 961 3398 187 962 3399 752 963 3400 731 964 3401 181 965 3402 753 966 3403 710 967 3404 180 968 3405 754 969 3406 714 970 3407 168 971 3408 755 972 3409 750 973 3410 187 974 3411 730 975 3412 752 976 3413 195 977 3414 757 978 3415 758 979 3416 195 977 3417 758 979 3418 756 980 3419 185 981 3420 724 982 3421 759 983 3422 162 984 3423 760 985 3424 671 986 3425 184 987 3426 723 988 3427 761 989 3428 160 990 3429 762 991 3430 672 992 3431 186 993 3432 725 994 3433 763 995 3434 161 996 3435 764 997 3436 673 998 3437 191 999 3438 765 1000 3439 735 1001 3440 189 1002 3441 766 1003 3442 767 1004 3443 189 1005 3444 767 1006 3445 736 1007 3446 190 1008 3447 768 1009 3448 769 1010 3449 190 1011 3450 769 1012 3451 740 1013 3452 193 1014 3453 770 1015 3454 771 1016 3455 193 1017 3456 771 1018 3457 741 1019 3458 192 1020 3459 772 1021 3460 773 1022 3461 192 1023 3462 773 1024 3463 738 1025 3464 191 1026 3465 774 1027 3466 765 1028 3467 765 1028 3468 667 1029 3469 157 1030 3470 765 1028 3471 774 1027 3472 667 1029 3473 774 1027 3474 158 1031 3475 667 1029 3476 738 1025 3477 774 1027 3478 191 1026 3479 738 1025 3480 773 1024 3481 774 1027 3482 773 1024 3483 158 1031 3484 774 1027 3485 773 1022 3486 669 1032 3487 158 1033 3488 773 1022 3489 772 1021 3490 669 1032 3491 772 1021 3492 159 1034 3493 669 1032 3494 741 1019 3495 772 1021 3496 192 1020 3497 741 1019 3498 771 1018 3499 772 1021 3500 771 1018 3501 159 1034 3502 772 1021 3503 771 1016 3504 670 1035 3505 159 1036 3506 771 1016 3507 770 1015 3508 670 1035 3509 770 1015 3510 155 1037 3511 670 1035 3512 740 1013 3513 770 1015 3514 193 1014 3515 740 1013 3516 769 1012 3517 770 1015 3518 769 1012 3519 155 1037 3520 770 1015 3521 769 1010 3522 665 1038 3523 155 1039 3524 769 1010 3525 768 1009 3526 665 1038 3527 768 1009 3528 156 1040 3529 665 1038 3530 736 1007 3531 768 1009 3532 190 1008 3533 736 1007 3534 767 1006 3535 768 1009 3536 767 1006 3537 156 1040 3538 768 1009 3539 767 1004 3540 666 1041 3541 156 1042 3542 767 1004 3543 766 1003 3544 666 1041 3545 766 1003 3546 157 1043 3547 666 1041 3548 735 1001 3549 766 1003 3550 189 1002 3551 735 1001 3552 765 1000 3553 766 1003 3554 765 1000 3555 157 1043 3556 766 1003 3557 673 998 3558 759 1044 3559 162 1045 3560 673 998 3561 764 997 3562 759 1044 3563 764 997 3564 185 1046 3565 759 1044 3566 763 995 3567 764 997 3568 161 996 3569 763 995 3570 725 994 3571 764 997 3572 725 994 3573 185 1046 3574 764 997 3575 672 992 3576 763 1047 3577 161 1048 3578 672 992 3579 762 991 3580 763 1047 3581 762 991 3582 186 1049 3583 763 1047 3584 761 989 3585 762 991 3586 160 990 3587 761 989 3588 723 988 3589 762 991 3590 723 988 3591 186 1049 3592 762 991 3593 671 986 3594 761 1050 3595 160 1051 3596 671 986 3597 760 985 3598 761 1050 3599 760 985 3600 184 1052 3601 761 1050 3602 759 983 3603 760 985 3604 162 984 3605 759 983 3606 724 982 3607 760 985 3608 724 982 3609 184 1052 3610 760 985 3611 756 980 3612 749 1053 3613 172 1054 3614 756 980 3615 758 979 3616 749 1053 3617 758 979 3618 194 1055 3619 749 1053 3620 758 979 3621 746 1056 3622 194 1055 3623 758 979 3624 757 978 3625 746 1056 3626 757 978 3627 188 1057 3628 746 1056 3629 752 976 3630 757 978 3631 195 977 3632 752 976 3633 730 975 3634 757 978 3635 730 975 3636 188 1057 3637 757 978 3638 750 973 3639 756 980 3640 172 1054 3641 750 973 3642 755 972 3643 756 980 3644 755 972 3645 195 977 3646 756 980 3647 714 970 3648 755 972 3649 168 971 3650 714 970 3651 754 969 3652 755 972 3653 754 969 3654 195 977 3655 755 972 3656 710 967 3657 754 1058 3658 180 1059 3659 710 967 3660 753 966 3661 754 1058 3662 753 966 3663 195 1060 3664 754 1058 3665 731 964 3666 753 966 3667 181 965 3668 731 964 3669 752 963 3670 753 966 3671 752 963 3672 195 1060 3673 753 966 3674 682 961 3675 707 1061 3676 167 1062 3677 682 961 3678 751 960 3679 707 1061 3680 751 960 3681 179 1063 3682 707 1061 3683 750 958 3684 751 960 3685 168 959 3686 750 958 3687 709 957 3688 751 960 3689 709 957 3690 179 1063 3691 751 960 3692 749 955 3693 690 1064 3694 172 1065 3695 749 955 3696 748 954 3697 690 1064 3698 748 954 3699 171 1066 3700 690 1064 3701 747 952 3702 748 954 3703 194 953 3704 747 952 3705 693 951 3706 748 954 3707 693 951 3708 171 1066 3709 748 954 3710 746 186 3711 747 186 3712 194 186 3713 746 186 3714 745 186 3715 747 186 3716 745 186 3717 174 186 3718 747 186 3719 733 186 3720 745 186 3721 188 186 3722 733 186 3723 691 186 3724 745 186 3725 691 186 3726 174 186 3727 745 186 3728 722 949 3729 742 1067 3730 182 1068 3731 722 949 3732 744 948 3733 742 1067 3734 744 948 3735 169 75 3736 742 1067 3737 728 946 3738 744 948 3739 183 947 3740 728 946 3741 685 75 3742 744 948 3743 685 75 3744 169 75 3745 744 948 3746 695 945 3747 687 1069 3748 171 1070 3749 695 945 3750 743 944 3751 687 1069 3752 743 944 3753 169 1071 3754 687 1069 3755 719 942 3756 743 944 3757 175 943 3758 719 942 3759 742 941 3760 743 944 3761 742 941 3762 169 1071 3763 743 944 3764 739 939 3765 741 74 3766 192 1072 3767 739 939 3768 740 74 3769 741 74 3770 740 74 3771 193 74 3772 741 74 3773 738 937 3774 739 939 3775 192 1072 3776 738 937 3777 737 936 3778 739 939 3779 737 936 3780 190 938 3781 739 939 3782 735 74 3783 737 936 3784 191 74 3785 735 74 3786 736 935 3787 737 936 3788 736 935 3789 190 938 3790 737 936 3791 734 75 3792 698 75 3793 173 75 3794 734 75 3795 712 75 3796 698 75 3797 712 75 3798 177 75 3799 698 75 3800 733 75 3801 734 75 3802 173 75 3803 733 75 3804 732 934 3805 734 75 3806 732 934 3807 181 75 3808 734 75 3809 730 933 3810 732 934 3811 188 75 3812 730 933 3813 731 932 3814 732 934 3815 731 932 3816 181 75 3817 732 934 3818 676 931 3819 721 1073 3820 165 1074 3821 676 931 3822 729 930 3823 721 1073 3824 729 930 3825 183 1075 3826 721 1073 3827 727 928 3828 729 930 3829 164 929 3830 727 928 3831 728 927 3832 729 930 3833 728 927 3834 183 1075 3835 729 930 3836 703 925 3837 727 928 3838 164 929 3839 703 925 3840 726 924 3841 727 928 3842 726 924 3843 170 926 3844 727 928 3845 663 922 3846 726 924 3847 154 923 3848 663 922 3849 683 921 3850 726 924 3851 683 921 3852 170 926 3853 726 924 3854 723 186 3855 725 186 3856 186 186 3857 723 186 3858 724 186 3859 725 186 3860 724 186 3861 185 186 3862 725 186 3863 721 919 3864 720 915 3865 165 914 3866 721 919 3867 722 918 3868 720 915 3869 722 918 3870 182 911 3871 720 915 3872 677 916 3873 718 913 3874 166 908 3875 677 916 3876 720 915 3877 718 913 3878 720 915 3879 182 911 3880 718 913 3881 718 913 3882 717 909 3883 166 908 3884 718 913 3885 719 912 3886 717 909 3887 719 912 3888 175 905 3889 717 909 3890 681 910 3891 716 907 3892 168 902 3893 681 910 3894 717 909 3895 716 907 3896 717 909 3897 175 905 3898 716 907 3899 716 907 3900 715 903 3901 168 902 3902 716 907 3903 697 906 3904 715 903 3905 697 906 3906 176 899 3907 715 903 3908 714 904 3909 713 901 3910 180 896 3911 714 904 3912 715 903 3913 713 901 3914 715 903 3915 176 899 3916 713 901 3917 713 901 3918 711 897 3919 180 896 3920 713 901 3921 699 900 3922 711 897 3923 699 900 3924 177 1076 3925 711 897 3926 710 898 3927 712 1077 3928 181 1078 3929 710 898 3930 711 897 3931 712 1077 3932 711 897 3933 177 1076 3934 712 1077 3935 689 895 3936 709 1079 3937 172 1080 3938 689 895 3939 708 894 3940 709 1079 3941 708 894 3942 179 1081 3943 709 1079 3944 701 887 3945 708 894 3946 152 893 3947 701 887 3948 706 892 3949 708 894 3950 706 892 3951 179 1081 3952 708 894 3953 706 892 3954 707 1082 3955 179 1081 3956 706 892 3957 705 891 3958 707 1082 3959 705 891 3960 167 1083 3961 707 1082 3962 705 891 3963 679 870 3964 167 1083 3965 705 891 3966 704 890 3967 679 870 3968 704 890 3969 163 864 3970 679 870 3971 704 890 3972 675 865 3973 163 864 3974 704 890 3975 702 889 3976 675 865 3977 702 889 3978 164 1084 3979 675 865 3980 702 889 3981 703 1085 3982 164 1084 3983 702 889 3984 700 888 3985 703 1085 3986 700 888 3987 154 1086 3988 703 1085 3989 700 888 3990 661 1087 3991 154 1086 3992 700 888 3993 701 887 3994 661 1087 3995 701 887 3996 152 893 3997 661 1087 3998 696 884 3999 699 1088 4000 176 1089 4001 696 884 4002 698 885 4003 699 1088 4004 698 885 4005 177 1090 4006 699 1088 4007 694 883 4008 697 1091 4009 175 1092 4010 694 883 4011 696 884 4012 697 1091 4013 696 884 4014 176 1089 4015 697 1091 4016 692 881 4017 695 1093 4018 171 1094 4019 692 881 4020 694 883 4021 695 1093 4022 694 883 4023 175 1092 4024 695 1093 4025 691 882 4026 693 1095 4027 174 1096 4028 691 882 4029 692 881 4030 693 1095 4031 692 881 4032 171 1094 4033 693 1095 4034 688 879 4035 690 186 4036 171 186 4037 688 879 4038 689 186 4039 690 186 4040 689 186 4041 172 186 4042 690 186 4043 687 877 4044 688 879 4045 171 186 4046 687 877 4047 686 876 4048 688 879 4049 686 876 4050 152 878 4051 688 879 4052 684 874 4053 686 876 4054 169 875 4055 684 874 4056 662 186 4057 686 876 4058 662 186 4059 152 878 4060 686 876 4061 683 186 4062 685 186 4063 170 186 4064 683 186 4065 684 874 4066 685 186 4067 684 874 4068 169 875 4069 685 186 4070 680 873 4071 682 1097 4072 167 1083 4073 680 873 4074 681 872 4075 682 1097 4076 681 872 4077 168 1098 4078 682 1097 4079 679 870 4080 680 873 4081 167 1083 4082 679 870 4083 678 869 4084 680 873 4085 678 869 4086 166 871 4087 680 873 4088 674 866 4089 678 869 4090 163 864 4091 674 866 4092 677 868 4093 678 869 4094 677 868 4095 166 871 4096 678 869 4097 674 866 4098 676 1099 4099 165 867 4100 674 866 4101 675 865 4102 676 1099 4103 675 865 4104 164 1084 4105 676 1099 4106 671 863 4107 673 74 4108 162 74 4109 671 863 4110 672 862 4111 673 74 4112 672 862 4113 161 74 4114 673 74 4115 669 186 4116 668 859 4117 158 858 4118 669 186 4119 670 186 4120 668 859 4121 670 186 4122 155 855 4123 668 859 4124 667 860 4125 664 857 4126 157 1100 4127 667 860 4128 668 859 4129 664 857 4130 668 859 4131 155 855 4132 664 857 4133 664 857 4134 666 1101 4135 157 1100 4136 664 857 4137 665 856 4138 666 1101 4139 665 856 4140 156 1102 4141 666 1101 4142 661 854 4143 663 922 4144 154 923 4145 661 854 4146 662 853 4147 663 922 4148 662 853 4149 153 920 4150 663 922 4151</p>
        </triangles>
        <triangles material="reticle-material" count="192">
          <input semantic="VERTEX" source="#v_ak47_body2_model0-mesh-vertices" offset="0"/>
          <input semantic="NORMAL" source="#v_ak47_body2_model0-mesh-normals" offset="1"/>
          <input semantic="TEXCOORD" source="#v_ak47_body2_model0-mesh-map-0" offset="2" set="0"/>
          <p>196 186 4152 776 1103 4153 775 1104 4154 199 186 4155 779 1105 4156 778 186 4157 201 186 4158 780 1106 4159 781 186 4160 200 1107 4161 783 186 4162 782 186 4163 202 74 4164 785 74 4165 784 74 4166 204 74 4167 786 74 4168 787 74 4169 203 1108 4170 789 1109 4171 788 1110 4172 205 1111 4173 790 1112 4174 791 1113 4175 206 1114 4176 793 1115 4177 792 1116 4178 207 1117 4179 794 1118 4180 795 1119 4181 208 58 4182 797 58 4183 796 58 4184 209 58 4185 798 58 4186 799 58 4187 210 1120 4188 801 1121 4189 800 1122 4190 211 1123 4191 802 1124 4192 803 1125 4193 212 1126 4194 805 1127 4195 804 1128 4196 213 1129 4197 806 1130 4198 807 1131 4199 214 186 4200 809 186 4201 808 186 4202 215 186 4203 810 186 4204 811 186 4205 216 75 4206 813 75 4207 812 75 4208 217 75 4209 814 75 4210 815 75 4211 197 1132 4212 776 1133 4213 816 1134 4214 218 1135 4215 817 1136 4216 818 1137 4217 201 1138 4218 781 1139 4219 820 1140 4220 220 1141 4221 821 1142 4222 822 1143 4223 198 75 4224 777 75 4225 823 75 4226 221 75 4227 824 75 4228 825 75 4229 212 1144 4230 801 1145 4231 805 1146 4232 214 1147 4233 826 1148 4234 809 1149 4235 210 1150 4236 797 1151 4237 827 1152 4238 216 1153 4239 828 1154 4240 813 1155 4241 208 1156 4242 830 1157 4243 829 1158 4244 208 1156 4245 793 1159 4246 830 1157 4247 219 1160 4248 831 1161 4249 818 1162 4250 219 1160 4251 832 1163 4252 831 1161 4253 221 1164 4254 833 74 4255 822 1165 4256 222 1166 4257 835 1167 4258 834 1168 4259 211 1169 4260 803 1170 4261 837 1171 4262 217 1172 4263 838 1173 4264 811 1174 4265 209 1175 4266 799 1176 4267 839 1177 4268 204 1178 4269 840 1179 4270 815 1180 4271 205 1181 4272 841 1182 4273 787 1183 4274 209 1175 4275 841 1182 4276 795 1184 4277 220 58 4278 836 58 4279 820 58 4280 201 58 4281 842 1185 4282 778 1186 4283 223 1187 4284 835 1188 4285 843 1189 4286 199 1190 4287 844 1191 4288 779 1192 4289 222 1193 4290 832 1194 4291 845 1195 4292 200 1196 4293 846 1197 4294 783 1198 4295 783 1198 4296 819 1199 4297 196 58 4298 783 1198 4299 846 1197 4300 819 1199 4301 846 1197 4302 219 1200 4303 819 1199 4304 845 1195 4305 846 1197 4306 200 1196 4307 845 1195 4308 832 1194 4309 846 1197 4310 832 1194 4311 219 1200 4312 846 1197 4313 779 1192 4314 845 1195 4315 200 1196 4316 779 1192 4317 844 1191 4318 845 1195 4319 844 1191 4320 222 1193 4321 845 1195 4322 843 1189 4323 844 1191 4324 199 1190 4325 843 1189 4326 835 1188 4327 844 1191 4328 835 1188 4329 222 1193 4330 844 1191 4331 778 1186 4332 843 1189 4333 199 1190 4334 778 1186 4335 842 1185 4336 843 1189 4337 842 1185 4338 223 1187 4339 843 1189 4340 820 58 4341 842 1185 4342 201 58 4343 820 58 4344 836 58 4345 842 1185 4346 836 58 4347 223 1187 4348 842 1185 4349 795 1184 4350 791 1201 4351 207 1202 4352 795 1184 4353 841 1182 4354 791 1201 4355 841 1182 4356 205 1181 4357 791 1201 4358 787 1183 4359 840 1179 4360 204 1178 4361 787 1183 4362 841 1182 4363 840 1179 4364 841 1182 4365 209 1175 4366 840 1179 4367 815 1180 4368 839 1177 4369 217 1172 4370 815 1180 4371 840 1179 4372 839 1177 4373 840 1179 4374 209 1175 4375 839 1177 4376 839 1177 4377 838 1173 4378 217 1172 4379 839 1177 4380 799 1176 4381 838 1173 4382 799 1176 4383 211 1169 4384 838 1173 4385 811 1174 4386 837 1171 4387 215 1203 4388 811 1174 4389 838 1173 4390 837 1171 4391 838 1173 4392 211 1169 4393 837 1171 4394 837 1171 4395 807 1204 4396 215 1203 4397 837 1171 4398 803 1170 4399 807 1204 4400 803 1170 4401 213 1205 4402 807 1204 4403 834 1168 4404 836 1206 4405 220 1207 4406 834 1168 4407 835 1167 4408 836 1206 4409 835 1167 4410 223 1208 4411 836 1206 4412 822 1165 4413 834 1168 4414 220 1207 4415 822 1165 4416 833 74 4417 834 1168 4418 833 74 4419 222 1166 4420 834 1168 4421 831 1161 4422 833 74 4423 221 1164 4424 831 1161 4425 832 1163 4426 833 74 4427 832 1163 4428 222 1166 4429 833 74 4430 818 1162 4431 825 1209 4432 218 1210 4433 818 1162 4434 831 1161 4435 825 1209 4436 831 1161 4437 221 1164 4438 825 1209 4439 830 1157 4440 789 1211 4441 203 1212 4442 830 1157 4443 793 1159 4444 789 1211 4445 793 1159 4446 206 1213 4447 789 1211 4448 829 1158 4449 785 1214 4450 202 1215 4451 829 1158 4452 830 1157 4453 785 1214 4454 830 1157 4455 203 1212 4456 785 1214 4457 813 1155 4458 829 1158 4459 202 1215 4460 813 1155 4461 828 1154 4462 829 1158 4463 828 1154 4464 208 1156 4465 829 1158 4466 827 1152 4467 828 1154 4468 216 1153 4469 827 1152 4470 797 1151 4471 828 1154 4472 797 1151 4473 208 1156 4474 828 1154 4475 809 1149 4476 827 1152 4477 216 1153 4478 809 1149 4479 826 1148 4480 827 1152 4481 826 1148 4482 210 1150 4483 827 1152 4484 805 1146 4485 826 1148 4486 214 1147 4487 805 1146 4488 801 1145 4489 826 1148 4490 801 1145 4491 210 1150 4492 826 1148 4493 825 75 4494 816 75 4495 218 75 4496 825 75 4497 824 75 4498 816 75 4499 824 75 4500 197 75 4501 816 75 4502 823 75 4503 824 75 4504 221 75 4505 823 75 4506 777 75 4507 824 75 4508 777 75 4509 197 75 4510 824 75 4511 822 1143 4512 823 1180 4513 221 1216 4514 822 1143 4515 821 1142 4516 823 1180 4517 821 1142 4518 198 1217 4519 823 1180 4520 820 1140 4521 821 1142 4522 220 1141 4523 820 1140 4524 781 1139 4525 821 1142 4526 781 1139 4527 198 1217 4528 821 1142 4529 818 1137 4530 819 1218 4531 219 1219 4532 818 1137 4533 817 1136 4534 819 1218 4535 817 1136 4536 196 1220 4537 819 1218 4538 816 1134 4539 817 1136 4540 218 1135 4541 816 1134 4542 776 1133 4543 817 1136 4544 776 1133 4545 196 1220 4546 817 1136 4547 815 75 4548 784 75 4549 204 75 4550 815 75 4551 814 75 4552 784 75 4553 814 75 4554 202 75 4555 784 75 4556 812 75 4557 814 75 4558 217 75 4559 812 75 4560 813 75 4561 814 75 4562 813 75 4563 202 75 4564 814 75 4565 811 186 4566 812 186 4567 217 186 4568 811 186 4569 810 186 4570 812 186 4571 810 186 4572 216 186 4573 812 186 4574 808 186 4575 810 186 4576 215 186 4577 808 186 4578 809 186 4579 810 186 4580 809 186 4581 216 186 4582 810 186 4583 807 1131 4584 808 1221 4585 215 1222 4586 807 1131 4587 806 1130 4588 808 1221 4589 806 1130 4590 214 1223 4591 808 1221 4592 804 1128 4593 806 1130 4594 213 1129 4595 804 1128 4596 805 1127 4597 806 1130 4598 805 1127 4599 214 1223 4600 806 1130 4601 803 1125 4602 804 1224 4603 213 1225 4604 803 1125 4605 802 1124 4606 804 1224 4607 802 1124 4608 212 1226 4609 804 1224 4610 800 1122 4611 802 1124 4612 211 1123 4613 800 1122 4614 801 1121 4615 802 1124 4616 801 1121 4617 212 1226 4618 802 1124 4619 799 58 4620 800 58 4621 211 58 4622 799 58 4623 798 58 4624 800 58 4625 798 58 4626 210 58 4627 800 58 4628 796 58 4629 798 58 4630 209 58 4631 796 58 4632 797 58 4633 798 58 4634 797 58 4635 210 58 4636 798 58 4637 795 1119 4638 796 1227 4639 209 1228 4640 795 1119 4641 794 1118 4642 796 1227 4643 794 1118 4644 208 1229 4645 796 1227 4646 792 1116 4647 794 1118 4648 207 1117 4649 792 1116 4650 793 1115 4651 794 1118 4652 793 1115 4653 208 1229 4654 794 1118 4655 791 1113 4656 792 1230 4657 207 1231 4658 791 1113 4659 790 1112 4660 792 1230 4661 790 1112 4662 206 1232 4663 792 1230 4664 788 1110 4665 790 1112 4666 205 1111 4667 788 1110 4668 789 1109 4669 790 1112 4670 789 1109 4671 206 1232 4672 790 1112 4673 787 74 4674 788 74 4675 205 74 4676 787 74 4677 786 74 4678 788 74 4679 786 74 4680 203 74 4681 788 74 4682 784 74 4683 786 74 4684 204 74 4685 784 74 4686 785 74 4687 786 74 4688 785 74 4689 203 74 4690 786 74 4691 782 186 4692 775 1104 4693 198 1233 4694 782 186 4695 783 186 4696 775 1104 4697 783 186 4698 196 186 4699 775 1104 4700 781 186 4701 782 186 4702 198 1233 4703 781 186 4704 780 1106 4705 782 186 4706 780 1106 4707 200 1107 4708 782 186 4709 778 186 4710 780 1106 4711 201 186 4712 778 186 4713 779 1105 4714 780 1106 4715 779 1105 4716 200 1107 4717 780 1106 4718 775 1104 4719 777 1234 4720 198 1233 4721 775 1104 4722 776 1103 4723 777 1234 4724 776 1103 4725 197 1235 4726 777 1234 4727</p>
        </triangles>
        <triangles material="handle-material" count="96">
          <input semantic="VERTEX" source="#v_ak47_body2_model0-mesh-vertices" offset="0"/>
          <input semantic="NORMAL" source="#v_ak47_body2_model0-mesh-normals" offset="1"/>
          <input semantic="TEXCOORD" source="#v_ak47_body2_model0-mesh-map-0" offset="2" set="0"/>
          <p>224 1236 4728 848 1237 4729 847 1238 4730 226 1239 4731 849 1240 4732 850 1241 4733 228 1242 4734 853 58 4735 852 58 4736 230 58 4737 854 58 4738 855 58 4739 225 1243 4740 848 1244 4741 857 1245 4742 232 1246 4743 858 1247 4744 859 1248 4745 232 1246 4746 859 1248 4747 861 1249 4748 234 1250 4749 862 1251 4750 863 1252 4751 231 1253 4752 866 1254 4753 865 1255 4754 231 1253 4755 865 1255 4756 855 1256 4757 235 1257 4758 868 1258 4759 867 1259 4760 236 1260 4761 870 1261 4762 869 1262 4763 228 1263 4764 870 1261 4765 853 1264 4766 229 1265 4767 871 1266 4768 872 1267 4769 231 1253 4770 856 1268 4771 874 1269 4772 231 1253 4773 874 1269 4774 866 1254 4775 237 1270 4776 876 1271 4777 875 1272 4778 236 1260 4779 877 1273 4780 873 1274 4781 236 1260 4782 878 1275 4783 877 1273 4784 227 1276 4785 851 1277 4786 879 1278 4787 235 1257 4788 880 1279 4789 869 1262 4790 233 1280 4791 881 1281 4792 864 1282 4793 233 1280 4794 882 1283 4795 881 1281 4796 224 1284 4797 847 1285 4798 860 1286 4799 860 1286 4800 882 1283 4801 233 1280 4802 860 1286 4803 847 1285 4804 882 1283 4805 847 1285 4806 226 1287 4807 882 1283 4808 881 1281 4809 850 1288 4810 227 1276 4811 881 1281 4812 882 1283 4813 850 1288 4814 882 1283 4815 226 1287 4816 850 1288 4817 864 1282 4818 880 1279 4819 235 1257 4820 864 1282 4821 881 1281 4822 880 1279 4823 881 1281 4824 227 1276 4825 880 1279 4826 869 1262 4827 879 1278 4828 236 1260 4829 869 1262 4830 880 1279 4831 879 1278 4832 880 1279 4833 227 1276 4834 879 1278 4835 879 1278 4836 878 1275 4837 236 1260 4838 879 1278 4839 851 1277 4840 878 1275 4841 851 1277 4842 225 1243 4843 878 1275 4844 877 1273 4845 857 1245 4846 232 1246 4847 877 1273 4848 878 1275 4849 857 1245 4850 878 1275 4851 225 1243 4852 857 1245 4853 873 1274 4854 876 1271 4855 237 1270 4856 873 1274 4857 877 1273 4858 876 1271 4859 877 1273 4860 232 1246 4861 876 1271 4862 875 1272 4863 861 1249 4864 234 1250 4865 875 1272 4866 876 1271 4867 861 1249 4868 876 1271 4869 232 1246 4870 861 1249 4871 866 1254 4872 875 1272 4873 234 1250 4874 866 1254 4875 874 1269 4876 875 1272 4877 874 1269 4878 237 1270 4879 875 1272 4880 874 1269 4881 872 1267 4882 237 1270 4883 874 1269 4884 856 1268 4885 872 1267 4886 856 1268 4887 229 1265 4888 872 1267 4889 872 1267 4890 873 1274 4891 237 1270 4892 872 1267 4893 871 1266 4894 873 1274 4895 871 1266 4896 236 1260 4897 873 1274 4898 853 1264 4899 871 1266 4900 229 1265 4901 853 1264 4902 870 1261 4903 871 1266 4904 870 1261 4905 236 1260 4906 871 1266 4907 869 1262 4908 868 1258 4909 235 1257 4910 869 1262 4911 870 1261 4912 868 1258 4913 870 1261 4914 228 1263 4915 868 1258 4916 867 1259 4917 852 1289 4918 230 1290 4919 867 1259 4920 868 1258 4921 852 1289 4922 868 1258 4923 228 1263 4924 852 1289 4925 855 1256 4926 867 1259 4927 230 1290 4928 855 1256 4929 865 1255 4930 867 1259 4931 865 1255 4932 235 1257 4933 867 1259 4934 865 1255 4935 863 1252 4936 235 1257 4937 865 1255 4938 866 1254 4939 863 1252 4940 866 1254 4941 234 1250 4942 863 1252 4943 863 1252 4944 864 1282 4945 235 1257 4946 863 1252 4947 862 1251 4948 864 1282 4949 862 1251 4950 233 1280 4951 864 1282 4952 861 1249 4953 862 1251 4954 234 1250 4955 861 1249 4956 859 1248 4957 862 1251 4958 859 1248 4959 233 1280 4960 862 1251 4961 859 1248 4962 860 1286 4963 233 1280 4964 859 1248 4965 858 1247 4966 860 1286 4967 858 1247 4968 224 1284 4969 860 1286 4970 857 1245 4971 858 1247 4972 232 1246 4973 857 1245 4974 848 1244 4975 858 1247 4976 848 1244 4977 224 1284 4978 858 1247 4979 855 58 4980 856 58 4981 231 1291 4982 855 58 4983 854 58 4984 856 58 4985 854 58 4986 229 58 4987 856 58 4988 852 58 4989 854 58 4990 230 58 4991 852 58 4992 853 58 4993 854 58 4994 853 58 4995 229 58 4996 854 58 4997 850 1241 4998 851 1292 4999 227 1293 5000 850 1241 5001 849 1240 5002 851 1292 5003 849 1240 5004 225 1294 5005 851 1292 5006 847 1238 5007 849 1240 5008 226 1239 5009 847 1238 5010 848 1237 5011 849 1240 5012 848 1237 5013 225 1294 5014 849 1240 5015</p>
        </triangles>
        <triangles material="magazine-material" count="144">
          <input semantic="VERTEX" source="#v_ak47_body2_model0-mesh-vertices" offset="0"/>
          <input semantic="NORMAL" source="#v_ak47_body2_model0-mesh-normals" offset="1"/>
          <input semantic="TEXCOORD" source="#v_ak47_body2_model0-mesh-map-0" offset="2" set="0"/>
          <p>238 1295 5016 884 1296 5017 883 1297 5018 240 1298 5019 885 1299 5020 886 1300 5021 242 58 5022 889 58 5023 888 58 5024 244 58 5025 890 1301 5026 891 1302 5027 238 1303 5028 893 1304 5029 884 1305 5030 239 1306 5031 894 1307 5032 895 1308 5033 246 1309 5034 897 1310 5035 896 1311 5036 247 1312 5037 898 1313 5038 899 1314 5039 248 1315 5040 901 1316 5041 900 1317 5042 249 1318 5043 902 1319 5044 903 1320 5045 250 1321 5046 905 1322 5047 904 1323 5048 251 1324 5049 906 1325 5050 907 1326 5051 240 1327 5052 908 1328 5053 883 1329 5054 238 1330 5055 909 1331 5056 893 1332 5057 252 1333 5058 911 1334 5059 910 1335 5060 246 1336 5061 912 1337 5062 897 1338 5063 253 1339 5064 914 1340 5065 913 1341 5066 248 1342 5067 915 1343 5068 901 1344 5069 254 1345 5070 917 1346 5071 916 1347 5072 250 1348 5073 918 1349 5074 905 1350 5075 239 1351 5076 895 1352 5077 887 1353 5078 241 1354 5079 919 1355 5080 920 1356 5081 247 1357 5082 899 1358 5083 921 1359 5084 255 1360 5085 922 1361 5086 923 1362 5087 249 1363 5088 903 1364 5089 924 1365 5090 256 1366 5091 925 1367 5092 926 1368 5093 251 1369 5094 907 1370 5095 927 1371 5096 257 1372 5097 928 1373 5098 929 1374 5099 241 1375 5100 930 1376 5101 886 1377 5102 241 1375 5103 920 1378 5104 930 1376 5105 252 74 5106 931 1379 5107 911 1380 5108 255 1381 5109 923 1382 5110 932 1383 5111 253 1384 5112 933 1385 5113 914 1386 5114 256 1387 5115 926 1388 5116 934 1389 5117 254 1390 5118 935 1391 5119 917 1392 5120 257 74 5121 929 1393 5122 936 1394 5123 936 1394 5124 891 1395 5125 245 1396 5126 936 1394 5127 929 1393 5128 891 1395 5129 929 1393 5130 244 1397 5131 891 1395 5132 917 1392 5133 936 1394 5134 245 1396 5135 917 1392 5136 935 1391 5137 936 1394 5138 935 1391 5139 257 74 5140 936 1394 5141 934 1389 5142 935 1391 5143 254 1390 5144 934 1389 5145 926 1388 5146 935 1391 5147 926 1388 5148 257 74 5149 935 1391 5150 914 1386 5151 934 1389 5152 254 1390 5153 914 1386 5154 933 1385 5155 934 1389 5156 933 1385 5157 256 1387 5158 934 1389 5159 932 1383 5160 933 1385 5161 253 1384 5162 932 1383 5163 923 1382 5164 933 1385 5165 923 1382 5166 256 1387 5167 933 1385 5168 911 1380 5169 932 1383 5170 253 1384 5171 911 1380 5172 931 1379 5173 932 1383 5174 931 1379 5175 255 1381 5176 932 1383 5177 930 1376 5178 931 1379 5179 252 74 5180 930 1376 5181 920 1378 5182 931 1379 5183 920 1378 5184 255 1381 5185 931 1379 5186 886 1377 5187 908 74 5188 240 74 5189 886 1377 5190 930 1376 5191 908 74 5192 930 1376 5193 252 74 5194 908 74 5195 929 1374 5196 888 1398 5197 244 1399 5198 929 1374 5199 928 1373 5200 888 1398 5201 928 1373 5202 242 1400 5203 888 1398 5204 927 1371 5205 928 1373 5206 257 1372 5207 927 1371 5208 907 1370 5209 928 1373 5210 907 1370 5211 242 1400 5212 928 1373 5213 926 1368 5214 927 1371 5215 257 1372 5216 926 1368 5217 925 1367 5218 927 1371 5219 925 1367 5220 251 1369 5221 927 1371 5222 924 1365 5223 925 1367 5224 256 1366 5225 924 1365 5226 903 1364 5227 925 1367 5228 903 1364 5229 251 1369 5230 925 1367 5231 923 1362 5232 924 1365 5233 256 1366 5234 923 1362 5235 922 1361 5236 924 1365 5237 922 1361 5238 249 1363 5239 924 1365 5240 921 1359 5241 922 1361 5242 255 1360 5243 921 1359 5244 899 1358 5245 922 1361 5246 899 1358 5247 249 1363 5248 922 1361 5249 920 1356 5250 921 1359 5251 255 1360 5252 920 1356 5253 919 1355 5254 921 1359 5255 919 1355 5256 247 1357 5257 921 1359 5258 887 1353 5259 919 1355 5260 241 1354 5261 887 1353 5262 895 1352 5263 919 1355 5264 895 1352 5265 247 1357 5266 919 1355 5267 905 1350 5268 892 1401 5269 243 1402 5270 905 1350 5271 918 1349 5272 892 1401 5273 918 1349 5274 245 1403 5275 892 1401 5276 916 1347 5277 918 1349 5278 250 1348 5279 916 1347 5280 917 1346 5281 918 1349 5282 917 1346 5283 245 1403 5284 918 1349 5285 901 1344 5286 916 1347 5287 250 1348 5288 901 1344 5289 915 1343 5290 916 1347 5291 915 1343 5292 254 1345 5293 916 1347 5294 913 1341 5295 915 1343 5296 248 1342 5297 913 1341 5298 914 1340 5299 915 1343 5300 914 1340 5301 254 1345 5302 915 1343 5303 897 1338 5304 913 1341 5305 248 1342 5306 897 1338 5307 912 1337 5308 913 1341 5309 912 1337 5310 253 1339 5311 913 1341 5312 910 1335 5313 912 1337 5314 246 1336 5315 910 1335 5316 911 1334 5317 912 1337 5318 911 1334 5319 253 1339 5320 912 1337 5321 893 1332 5322 910 1335 5323 246 1336 5324 893 1332 5325 909 1331 5326 910 1335 5327 909 1331 5328 252 1333 5329 910 1335 5330 883 1329 5331 909 1331 5332 238 1330 5333 883 1329 5334 908 1328 5335 909 1331 5336 908 1328 5337 252 1333 5338 909 1331 5339 907 1326 5340 889 1404 5341 242 186 5342 907 1326 5343 906 1325 5344 889 1404 5345 906 1325 5346 243 1405 5347 889 1404 5348 904 1323 5349 906 1325 5350 251 1324 5351 904 1323 5352 905 1322 5353 906 1325 5354 905 1322 5355 243 1405 5356 906 1325 5357 903 1320 5358 904 1323 5359 251 1324 5360 903 1320 5361 902 1319 5362 904 1323 5363 902 1319 5364 250 1321 5365 904 1323 5366 900 1317 5367 902 1319 5368 249 1318 5369 900 1317 5370 901 1316 5371 902 1319 5372 901 1316 5373 250 1321 5374 902 1319 5375 899 1314 5376 900 1317 5377 249 1318 5378 899 1314 5379 898 1313 5380 900 1317 5381 898 1313 5382 248 1315 5383 900 1317 5384 896 1311 5385 898 1313 5386 247 1312 5387 896 1311 5388 897 1310 5389 898 1313 5390 897 1310 5391 248 1315 5392 898 1313 5393 895 1308 5394 896 1311 5395 247 1312 5396 895 1308 5397 894 1307 5398 896 1311 5399 894 1307 5400 246 1309 5401 896 1311 5402 884 1305 5403 894 1307 5404 239 1306 5405 884 1305 5406 893 1304 5407 894 1307 5408 893 1304 5409 246 1309 5410 894 1307 5411 891 1302 5412 892 1406 5413 245 1407 5414 891 1302 5415 890 1301 5416 892 1406 5417 890 1301 5418 243 1408 5419 892 1406 5420 888 58 5421 890 1301 5422 244 58 5423 888 58 5424 889 58 5425 890 1301 5426 889 58 5427 243 1408 5428 890 1301 5429 886 1300 5430 887 1409 5431 241 1410 5432 886 1300 5433 885 1299 5434 887 1409 5435 885 1299 5436 239 1411 5437 887 1409 5438 883 1297 5439 885 1299 5440 240 1298 5441 883 1297 5442 884 1296 5443 885 1299 5444 884 1296 5445 239 1411 5446 885 1299 5447</p>
        </triangles>
      </mesh>
    </geometry>
  </library_geometries>
  <library_visual_scenes>
    <visual_scene id="Scene" name="Scene">
      <node id="v_ak47_body2_model0" name="v_ak47_body2_model0" type="NODE">
        <matrix sid="transform">1 0 0 0 0 7.54979e-8 -1 0 0 1 7.54979e-8 0 0 0 0 1</matrix>
        <instance_geometry url="#v_ak47_body2_model0-mesh" name="v_ak47_body2_model0">
          <bind_material>
            <technique_common>
              <instance_material symbol="wood-material" target="#wood-material">
                <bind_vertex_input semantic="UVMap" input_semantic="TEXCOORD" input_set="0"/>
              </instance_material>
              <instance_material symbol="lower_body-material" target="#lower_body-material">
                <bind_vertex_input semantic="UVMap" input_semantic="TEXCOORD" input_set="0"/>
              </instance_material>
              <instance_material symbol="forearm-material" target="#forearm-material">
                <bind_vertex_input semantic="UVMap" input_semantic="TEXCOORD" input_set="0"/>
              </instance_material>
              <instance_material symbol="barrel-material" target="#barrel-material">
                <bind_vertex_input semantic="UVMap" input_semantic="TEXCOORD" input_set="0"/>
              </instance_material>
              <instance_material symbol="upper_body-material" target="#upper_body-material">
                <bind_vertex_input semantic="UVMap" input_semantic="TEXCOORD" input_set="0"/>
              </instance_material>
              <instance_material symbol="reticle-material" target="#reticle-material">
                <bind_vertex_input semantic="UVMap" input_semantic="TEXCOORD" input_set="0"/>
              </instance_material>
              <instance_material symbol="handle-material" target="#handle-material">
                <bind_vertex_input semantic="UVMap" input_semantic="TEXCOORD" input_set="0"/>
              </instance_material>
              <instance_material symbol="magazine-material" target="#magazine-material">
                <bind_vertex_input semantic="UVMap" input_semantic="TEXCOORD" input_set="0"/>
              </instance_material>
            </technique_common>
          </bind_material>
        </instance_geometry>
      </node>
      <node id="Camera" name="Camera" type="NODE">
        <matrix sid="transform">0.6859207 -0.3240135 0.6515582 7.358891 0.7276763 0.3054208 -0.6141704 -6.925791 0 0.8953956 0.4452714 4.958309 0 0 0 1</matrix>
        <instance_camera url="#Camera-camera"/>
      </node>
      <node id="Light" name="Light" type="NODE">
        <matrix sid="transform">-0.2908646 -0.7711008 0.5663932 4.076245 0.9551712 -0.1998834 0.2183912 1.005454 -0.05518906 0.6045247 0.7946723 5.903862 0 0 0 1</matrix>
        <instance_light url="#Light-light"/>
      </node>
    </visual_scene>
  </library_visual_scenes>
  <scene>
    <instance_visual_scene url="#Scene"/>
  </scene>
</COLLADA>